"0","83","2","16"
"1","27","2","3"
"2","83","6","36"
"3","3","6","2"
"4","90","6","72"
"5","76","6","51"
"6","1","6","26"
"7","93","6","14"
"8","90","8","26"
"9","22","14","53"
"10","30","14","4"
"11","1","14","11"
"12","62","17","13"
"13","82","17","79"
"14","99","17","14"
"15","34","17","5"
"16","93","17","3"
"17","14","17","73"
"18","1","18","25"
"19","82","18","13"
"20","93","18","11"
"21","57","18","6"
"22","22","18","27"
"23","27","20","78"
"24","99","20","103"
"25","90","23","74"
"26","3","23","6"
"27","99","23","27"
"28","34","23","14"
"29","14","23","19"
"30","90","24","14"
"31","64","24","11"
"32","62","25","76"
"33","34","25","107"
"34","90","25","26"
"35","42","25","11"
"36","27","25","18"
"37","1","31","106"
"38","30","31","33"
"39","14","31","32"
"40","62","31","16"
"41","90","31","14"
"42","27","31","28"
"43","99","31","104"
"44","99","35","7"
"45","27","35","3"
"46","82","35","35"
"47","83","35","74"
"48","3","35","54"
"49","42","35","19"
"50","82","36","15"
"51","27","36","10"
"52","22","36","79"
"53","30","36","8"
"54","99","36","25"
"55","64","38","28"
"56","93","38","18"
"57","62","38","74"
"58","3","38","7"
"59","30","38","15"
"60","22","38","55"
"61","57","38","77"
"62","76","39","11"
"63","42","39","38"
"64","27","39","75"
"65","1","40","5"
"66","30","40","75"
"67","64","40","12"
"68","76","42","38"
"69","99","43","3"
"70","30","43","12"
"71","57","43","17"
"72","62","43","12"
"73","44","43","25"
"74","64","43","27"
"75","14","43","16"
"76","27","43","109"
"77","14","44","22"
"78","90","44","12"
"79","22","44","108"
"80","64","46","101"
"81","22","46","17"
"82","57","46","25"
"83","99","46","2"
"84","22","49","19"
"85","57","49","71"
"86","99","49","105"
"87","93","49","6"
"88","1","49","109"
"89","27","49","15"
"90","57","52","71"
"91","3","52","27"
"92","27","54","7"
"93","57","54","77"
"94","1","54","10"
"95","22","54","17"
"96","22","55","23"
"97","14","55","8"
"98","1","55","75"
"99","3","55","106"
"100","14","58","26"
"101","30","58","74"
"102","27","59","18"
"103","99","59","102"
"104","42","59","73"
"105","1","59","18"
"106","34","59","26"
"107","83","59","15"
"108","57","59","4"
"109","90","59","26"
"110","90","61","10"
"111","22","61","22"
"112","93","62","76"
"113","30","62","9"
"114","34","63","52"
"115","76","63","19"
"116","34","66","104"
"117","82","66","56"
"118","83","66","59"
"119","34","69","12"
"120","1","69","15"
"121","42","69","17"
"122","83","69","5"
"123","22","69","18"
"124","34","70","10"
"125","44","70","103"
"126","57","70","28"
"127","83","72","26"
"128","57","72","34"
"129","62","74","53"
"130","3","74","18"
"131","99","74","28"
"132","82","76","14"
"133","93","76","29"
"134","27","76","77"
"135","34","80","17"
"136","99","80","16"
"137","3","80","23"
"138","82","80","59"
"139","44","80","79"
"140","76","85","15"
"141","57","85","28"
"142","1","85","55"
"143","34","85","16"
"144","93","85","16"
"145","14","85","19"
"146","99","85","7"
"147","42","85","11"
"148","27","85","3"
"149","83","86","6"
"150","64","86","4"
"151","82","88","105"
"152","90","88","71"
"153","93","88","19"
"154","44","89","37"
"155","22","89","17"
"156","64","89","15"
"157","76","89","73"
"158","34","89","103"
"159","83","90","13"
"160","93","90","38"
"161","99","90","13"
"162","44","90","6"
"163","64","94","34"
"164","34","96","8"
"165","83","96","31"
"166","44","96","73"
"167","3","99","18"
"168","62","99","9"
"169","57","100","39"
"170","14","100","29"
"171","83","100","54"
"172","93","100","23"
"173","99","100","7"
"174","30","100","19"
"175","76","101","15"
"176","64","101","27"
"177","76","102","75"
"178","99","102","28"
"179","3","102","23"
"180","62","102","73"
"181","82","105","37"
"182","64","105","26"
"183","34","105","75"
"184","93","105","4"
"185","90","105","8"
"186","83","105","29"
"187","30","106","17"
"188","34","106","11"
"189","62","106","73"
"190","76","110","7"
"191","93","110","102"
"192","90","110","58"
"193","82","111","39"
"194","93","111","55"
"195","3","111","5"
"196","62","111","6"
"197","1","111","19"
"198","64","111","25"
"199","99","111","14"
"200","57","111","17"
"201","83","111","104"
"202","82","115","14"
"203","93","117","9"
"204","57","121","22"
"205","3","121","21"
"206","76","122","18"
"207","62","122","104"
"208","34","122","29"
"209","57","122","8"
"210","44","122","27"
"211","30","122","101"
"212","1","122","106"
"213","99","122","2"
"214","90","127","102"
"215","1","127","5"
"216","14","127","18"
"217","93","128","28"
"218","3","128","17"
"219","83","128","9"
"220","57","128","39"
"221","90","128","79"
"222","93","129","11"
"223","62","129","5"
"224","27","131","8"
"225","76","131","18"
"226","1","131","35"
"227","76","134","22"
"228","44","134","26"
"229","57","134","11"
"230","14","134","105"
"231","64","135","23"
"232","83","135","21"
"233","44","135","32"
"234","93","135","15"
"235","44","139","14"
"236","22","139","32"
"237","1","139","76"
"238","3","139","5"
"239","3","140","6"
"240","62","140","9"
"241","90","140","14"
"242","99","140","5"
"243","83","141","17"
"244","30","141","27"
"245","44","141","28"
"246","99","141","16"
"247","27","141","6"
"248","57","141","101"
"249","83","142","56"
"250","82","142","15"
"251","3","142","3"
"252","76","142","6"
"253","90","142","3"
"254","62","142","23"
"255","64","144","23"
"256","93","144","28"
"257","64","145","109"
"258","62","145","24"
"259","30","145","7"
"260","34","145","28"
"261","1","145","25"
"262","44","145","5"
"263","1","148","5"
"264","42","148","2"
"265","3","148","25"
"266","99","148","8"
"267","22","148","54"
"268","14","148","2"
"269","90","148","13"
"270","90","149","105"
"271","27","149","8"
"272","44","150","78"
"273","93","150","75"
"274","22","151","11"
"275","82","162","103"
"276","27","162","27"
"277","44","164","4"
"278","62","165","31"
"279","42","165","12"
"280","30","165","28"
"281","30","166","101"
"282","99","166","105"
"283","44","166","77"
"284","14","166","3"
"285","57","167","8"
"286","57","172","34"
"287","22","172","23"
"288","64","172","108"
"289","42","172","12"
"290","90","172","10"
"291","62","173","11"
"292","22","173","8"
"293","34","173","58"
"294","42","175","9"
"295","34","175","9"
"296","44","177","15"
"297","82","177","21"
"298","42","178","56"
"299","64","178","9"
"300","44","179","8"
"301","3","179","35"
"302","30","179","2"
"303","57","179","17"
"304","30","182","73"
"305","76","183","35"
"306","1","183","106"
"307","90","185","23"
"308","93","185","12"
"309","14","190","27"
"310","62","190","58"
"311","22","190","77"
"312","44","190","25"
"313","57","190","25"
"314","1","190","13"
"315","83","190","11"
"316","1","191","103"
"317","3","191","7"
"318","83","191","78"
"319","27","196","74"
"320","82","196","24"
"321","42","196","38"
"322","30","196","23"
"323","99","196","9"
"324","14","196","10"
"325","57","196","22"
"326","76","197","23"
"327","27","197","36"
"328","64","197","5"
"329","3","197","75"
"330","1","198","14"
"331","22","201","104"
"332","82","201","101"
"333","83","201","3"
"334","34","201","26"
"335","3","201","15"
"336","90","201","9"
"337","1","201","10"
"338","64","201","23"
"339","3","203","56"
"340","64","203","34"
"341","14","203","76"
"342","64","205","10"
"343","93","205","5"
"344","90","205","2"
"345","14","205","32"
"346","27","205","33"
"347","93","209","10"
"348","64","209","4"
"349","57","209","38"
"350","42","209","108"
"351","99","210","2"
"352","44","210","34"
"353","83","210","104"
"354","99","212","16"
"355","62","212","13"
"356","76","212","2"
"357","82","212","7"
"358","93","212","76"
"359","1","212","4"
"360","42","215","71"
"361","22","215","31"
"362","90","217","71"
"363","93","217","106"
"364","44","217","14"
"365","42","217","105"
"366","82","217","3"
"367","27","217","38"
"368","57","218","33"
"369","90","218","13"
"370","27","221","7"
"371","30","222","4"
"372","42","222","104"
"373","3","222","52"
"374","83","222","77"
"375","76","224","28"
"376","44","224","18"
"377","99","224","10"
"378","34","224","34"
"379","42","224","23"
"380","14","224","19"
"381","34","227","7"
"382","76","227","51"
"383","44","227","12"
"384","30","227","17"
"385","62","227","17"
"386","22","227","9"
"387","93","229","105"
"388","99","229","15"
"389","82","230","38"
"390","64","230","76"
"391","90","230","16"
"392","62","230","8"
"393","44","230","8"
"394","76","230","107"
"395","93","230","7"
"396","57","231","12"
"397","1","231","10"
"398","34","231","9"
"399","64","231","32"
"400","14","231","58"
"401","22","231","59"
"402","93","231","11"
"403","22","235","3"
"404","62","235","17"
"405","90","235","51"
"406","34","235","103"
"407","99","235","17"
"408","83","235","12"
"409","57","235","56"
"410","42","237","6"
"411","57","237","3"
"412","3","241","18"
"413","83","241","104"
"414","99","241","103"
"415","22","241","52"
"416","93","242","8"
"417","83","242","17"
"418","99","242","57"
"419","76","242","109"
"420","3","242","2"
"421","64","242","13"
"422","90","244","75"
"423","42","244","3"
"424","57","244","5"
"425","27","244","54"
"426","3","244","17"
"427","34","244","10"
"428","64","244","16"
"429","30","244","8"
"430","3","245","28"
"431","22","245","106"
"432","62","246","27"
"433","1","246","12"
"434","83","248","17"
"435","22","248","3"
"436","14","248","103"
"437","57","251","39"
"438","14","251","22"
"439","42","251","6"
"440","30","251","109"
"441","83","251","23"
"442","93","252","56"
"443","34","252","4"
"444","42","252","102"
"445","3","252","25"
"446","83","252","16"
"447","1","252","104"
"448","14","256","78"
"449","44","256","18"
"450","83","256","36"
"451","62","256","7"
"452","30","256","56"
"453","93","256","4"
"454","1","256","17"
"455","1","257","38"
"456","64","257","5"
"457","62","257","8"
"458","93","257","75"
"459","3","257","11"
"460","30","257","4"
"461","14","257","52"
"462","1","260","26"
"463","22","260","2"
"464","90","260","101"
"465","82","260","28"
"466","30","260","35"
"467","93","263","35"
"468","64","263","7"
"469","99","263","17"
"470","30","263","55"
"471","44","263","26"
"472","1","265","16"
"473","64","265","9"
"474","76","265","39"
"475","3","265","4"
"476","99","265","3"
"477","93","265","109"
"478","76","266","57"
"479","62","266","13"
"480","22","266","5"
"481","83","266","19"
"482","57","266","12"
"483","3","266","3"
"484","99","273","19"
"485","62","274","106"
"486","57","274","107"
"487","3","274","14"
"488","42","274","16"
"489","1","274","23"
"490","44","275","15"
"491","22","275","27"
"492","30","275","19"
"493","64","275","14"
"494","34","279","8"
"495","27","279","22"
"496","3","279","22"
"497","22","279","24"
"498","1","279","4"
"499","99","279","72"
"500","83","279","12"
"501","42","280","34"
"502","83","280","28"
"503","99","280","77"
"504","82","280","15"
"505","1","280","5"
"506","34","280","29"
"507","14","281","53"
"508","83","281","24"
"509","93","281","54"
"510","90","281","107"
"511","76","281","8"
"512","62","282","22"
"513","83","282","3"
"514","44","282","76"
"515","76","282","10"
"516","57","282","26"
"517","30","282","2"
"518","34","282","109"
"519","42","282","104"
"520","64","286","28"
"521","99","286","103"
"522","62","286","105"
"523","57","286","76"
"524","82","286","34"
"525","3","286","55"
"526","83","286","105"
"527","27","287","5"
"528","62","287","34"
"529","83","287","5"
"530","90","287","2"
"531","99","287","13"
"532","3","289","18"
"533","62","289","107"
"534","90","289","14"
"535","1","289","72"
"536","27","289","29"
"537","62","292","10"
"538","3","292","55"
"539","83","292","53"
"540","30","292","23"
"541","34","292","109"
"542","44","292","105"
"543","30","296","6"
"544","34","296","108"
"545","22","296","54"
"546","27","296","26"
"547","64","296","55"
"548","57","296","24"
"549","34","298","10"
"550","90","298","6"
"551","14","298","18"
"552","44","298","2"
"553","64","298","12"
"554","90","301","101"
"555","76","301","10"
"556","42","301","107"
"557","57","301","7"
"558","64","301","29"
"559","30","301","15"
"560","62","301","108"
"561","1","301","26"
"562","44","302","33"
"563","99","302","51"
"564","30","302","8"
"565","76","302","14"
"566","64","302","54"
"567","34","302","74"
"568","22","309","3"
"569","76","311","13"
"570","14","311","72"
"571","3","311","26"
"572","1","311","29"
"573","30","311","74"
"574","93","311","8"
"575","62","311","16"
"576","57","311","26"
"577","99","312","38"
"578","1","312","58"
"579","76","312","17"
"580","22","312","104"
"581","34","312","4"
"582","82","312","22"
"583","22","314","7"
"584","83","314","8"
"585","34","314","21"
"586","64","314","11"
"587","14","316","4"
"588","42","316","71"
"589","27","316","12"
"590","93","317","5"
"591","42","317","21"
"592","76","317","105"
"593","64","317","29"
"594","82","317","13"
"595","44","317","58"
"596","34","317","34"
"597","82","321","5"
"598","83","321","77"
"599","34","321","3"
"600","3","321","6"
"601","99","321","51"
"602","44","321","58"
"603","30","323","2"
"604","27","323","22"
"605","14","323","54"
"606","34","323","76"
"607","42","323","22"
"608","99","325","15"
"609","93","325","2"
"610","57","325","16"
"611","83","325","11"
"612","42","325","26"
"613","34","325","6"
"614","1","327","17"
"615","30","327","37"
"616","27","327","25"
"617","82","328","8"
"618","99","328","10"
"619","30","328","14"
"620","57","328","79"
"621","22","328","22"
"622","34","328","18"
"623","3","330","19"
"624","42","330","15"
"625","34","330","2"
"626","1","330","23"
"627","62","330","39"
"628","83","330","107"
"629","99","330","15"
"630","27","331","3"
"631","14","331","72"
"632","90","331","27"
"633","30","331","33"
"634","57","331","103"
"635","62","331","102"
"636","3","331","15"
"637","83","331","5"
"638","3","332","5"
"639","30","332","15"
"640","57","332","15"
"641","62","332","16"
"642","90","333","108"
"643","83","333","25"
"644","3","333","33"
"645","30","333","58"
"646","82","333","28"
"647","62","334","8"
"648","64","334","9"
"649","42","335","59"
"650","90","335","4"
"651","27","335","33"
"652","1","337","79"
"653","62","340","21"
"654","22","340","18"
"655","64","340","29"
"656","76","340","4"
"657","99","343","10"
"658","34","343","23"
"659","82","344","15"
"660","1","344","57"
"661","99","344","55"
"662","27","344","11"
"663","57","344","12"
"664","34","344","55"
"665","83","344","29"
"666","82","345","106"
"667","62","345","13"
"668","93","345","21"
"669","1","345","25"
"670","3","345","4"
"671","99","345","57"
"672","14","345","57"
"673","90","348","75"
"674","22","348","33"
"675","82","350","2"
"676","93","352","23"
"677","90","355","72"
"678","34","355","8"
"679","99","359","14"
"680","14","359","23"
"681","30","359","33"
"682","30","362","37"
"683","99","362","7"
"684","90","362","78"
"685","57","362","35"
"686","90","364","4"
"687","93","364","13"
"688","42","364","12"
"689","30","364","2"
"690","62","364","12"
"691","83","364","19"
"692","99","364","75"
"693","3","364","8"
"694","22","366","39"
"695","30","366","79"
"696","62","366","13"
"697","42","366","32"
"698","27","366","15"
"699","64","366","10"
"700","99","366","36"
"701","27","367","13"
"702","44","367","72"
"703","57","367","53"
"704","3","367","2"
"705","83","367","31"
"706","99","367","6"
"707","14","368","25"
"708","99","368","27"
"709","44","368","73"
"710","42","368","6"
"711","3","368","13"
"712","30","368","53"
"713","1","371","17"
"714","44","371","26"
"715","30","371","10"
"716","3","372","53"
"717","83","372","71"
"718","34","372","10"
"719","27","372","38"
"720","42","372","55"
"721","30","372","10"
"722","34","375","18"
"723","44","375","8"
"724","22","375","14"
"725","82","375","25"
"726","62","375","29"
"727","57","377","34"
"728","76","377","11"
"729","3","377","38"
"730","14","377","14"
"731","64","377","5"
"732","93","377","103"
"733","22","377","6"
"734","3","378","15"
"735","42","378","72"
"736","64","378","9"
"737","3","381","15"
"738","90","381","106"
"739","42","381","16"
"740","44","381","6"
"741","22","381","5"
"742","34","383","74"
"743","90","383","15"
"744","44","383","10"
"745","99","383","9"
"746","76","383","24"
"747","1","383","75"
"748","62","383","19"
"749","34","384","4"
"750","27","384","109"
"751","30","384","9"
"752","82","384","3"
"753","62","384","17"
"754","83","384","75"
"755","22","384","15"
"756","14","385","13"
"757","44","385","74"
"758","57","385","71"
"759","1","385","24"
"760","30","385","28"
"761","22","385","8"
"762","42","385","27"
"763","62","386","52"
"764","30","386","107"
"765","1","386","77"
"766","44","386","23"
"767","22","390","3"
"768","83","390","34"
"769","93","390","39"
"770","34","390","6"
"771","76","390","76"
"772","30","390","13"
"773","3","392","2"
"774","42","392","13"
"775","34","392","18"
"776","64","396","22"
"777","14","396","53"
"778","76","396","8"
"779","34","396","34"
"780","82","396","17"
"781","83","396","51"
"782","57","397","21"
"783","64","397","10"
"784","90","397","3"
"785","34","397","25"
"786","30","397","16"
"787","3","397","10"
"788","83","398","105"
"789","44","398","5"
"790","93","398","25"
"791","27","399","18"
"792","90","399","76"
"793","64","399","14"
"794","83","399","2"
"795","1","399","21"
"796","82","399","12"
"797","57","400","78"
"798","3","400","10"
"799","64","400","71"
"800","1","400","27"
"801","76","400","27"
"802","27","400","19"
"803","93","400","6"
"804","83","400","32"
"805","76","401","103"
"806","64","401","16"
"807","3","404","15"
"808","76","404","16"
"809","27","404","23"
"810","99","404","12"
"811","34","406","8"
"812","82","406","5"
"813","30","406","3"
"814","34","407","23"
"815","57","407","73"
"816","64","407","56"
"817","62","407","56"
"818","30","407","18"
"819","57","409","34"
"820","57","410","10"
"821","34","410","35"
"822","93","410","14"
"823","44","410","75"
"824","83","411","8"
"825","64","411","38"
"826","34","411","12"
"827","14","411","2"
"828","99","411","109"
"829","27","411","11"
"830","76","411","77"
"831","64","412","2"
"832","42","412","4"
"833","27","412","27"
"834","99","412","6"
"835","3","412","13"
"836","42","418","4"
"837","82","418","10"
"838","99","418","21"
"839","14","419","11"
"840","62","419","12"
"841","93","420","107"
"842","14","421","14"
"843","34","421","108"
"844","62","421","32"
"845","1","421","24"
"846","90","421","56"
"847","64","421","9"
"848","27","421","9"
"849","34","423","59"
"850","1","423","6"
"851","99","423","59"
"852","99","426","13"
"853","82","426","24"
"854","22","426","10"
"855","42","426","77"
"856","90","426","17"
"857","34","426","78"
"858","34","427","18"
"859","3","430","78"
"860","90","430","23"
"861","30","430","7"
"862","99","430","22"
"863","22","430","22"
"864","83","430","36"
"865","90","433","17"
"866","64","433","31"
"867","82","433","16"
"868","62","435","52"
"869","1","435","37"
"870","34","435","54"
"871","64","435","27"
"872","93","435","13"
"873","44","435","75"
"874","90","435","22"
"875","42","435","6"
"876","22","435","19"
"877","93","437","22"
"878","34","438","10"
"879","64","440","10"
"880","30","440","17"
"881","57","441","77"
"882","27","441","29"
"883","3","441","101"
"884","83","441","28"
"885","1","441","12"
"886","93","441","53"
"887","34","443","6"
"888","82","443","9"
"889","42","443","16"
"890","22","443","2"
"891","44","444","22"
"892","34","444","10"
"893","44","447","108"
"894","82","447","11"
"895","27","447","11"
"896","57","447","2"
"897","42","447","17"
"898","34","447","57"
"899","76","447","2"
"900","3","448","26"
"901","99","448","105"
"902","83","448","101"
"903","27","449","108"
"904","62","449","103"
"905","1","450","5"
"906","14","450","27"
"907","83","450","3"
"908","64","450","79"
"909","93","450","53"
"910","34","451","54"
"911","27","457","21"
"912","82","457","12"
"913","34","458","108"
"914","42","458","19"
"915","99","458","78"
"916","90","458","25"
"917","30","458","51"
"918","27","458","35"
"919","34","460","53"
"920","57","460","19"
"921","44","460","24"
"922","14","460","36"
"923","76","460","6"
"924","99","468","58"
"925","64","468","31"
"926","30","468","101"
"927","14","468","39"
"928","82","468","15"
"929","1","468","18"
"930","14","470","54"
"931","22","470","15"
"932","76","470","11"
"933","42","470","3"
"934","1","470","10"
"935","57","470","25"
"936","64","470","18"
"937","57","472","35"
"938","3","472","101"
"939","82","472","33"
"940","1","472","37"
"941","27","472","24"
"942","42","472","25"
"943","44","472","35"
"944","99","473","3"
"945","62","473","13"
"946","30","473","12"
"947","83","473","7"
"948","57","475","24"
"949","14","475","38"
"950","99","475","14"
"951","76","475","17"
"952","27","475","102"
"953","83","475","12"
"954","30","475","11"
"955","82","475","15"
"956","3","477","12"
"957","42","477","22"
"958","14","477","14"
"959","34","477","3"
"960","62","482","11"
"961","57","483","25"
"962","30","483","8"
"963","44","483","18"
"964","22","483","109"
"965","90","483","36"
"966","99","485","76"
"967","1","485","16"
"968","90","485","27"
"969","62","485","18"
"970","34","485","75"
"971","57","488","53"
"972","76","488","7"
"973","44","488","11"
"974","14","491","17"
"975","83","491","16"
"976","57","491","25"
"977","42","491","73"
"978","1","491","8"
"979","62","492","38"
"980","27","492","75"
"981","22","492","78"
"982","83","494","16"
"983","62","494","102"
"984","90","494","11"
"985","42","494","29"
"986","34","494","76"
"987","57","494","32"
"988","14","494","14"
"989","99","496","22"
"990","99","497","29"
"991","57","497","52"
"992","27","497","27"
"993","90","497","55"
"994","76","500","75"
"995","27","500","2"
"996","34","500","28"
"997","62","500","18"
"998","1","500","6"
"999","62","501","21"
"1000","99","501","2"
"1001","3","502","5"
"1002","90","502","102"
"1003","30","507","28"
"1004","82","507","104"
"1005","44","507","26"
"1006","42","507","18"
"1007","57","507","59"
"1008","27","510","24"
"1009","34","510","12"
"1010","44","510","8"
"1011","57","510","37"
"1012","30","510","10"
"1013","1","510","75"
"1014","27","512","14"
"1015","42","512","11"
"1016","1","512","26"
"1017","14","517","24"
"1018","30","517","34"
"1019","76","518","54"
"1020","64","520","6"
"1021","14","520","28"
"1022","76","521","76"
"1023","14","521","13"
"1024","57","521","17"
"1025","82","521","18"
"1026","44","521","108"
"1027","3","521","15"
"1028","34","521","10"
"1029","14","525","6"
"1030","22","525","105"
"1031","76","525","7"
"1032","64","525","5"
"1033","93","525","10"
"1034","27","525","23"
"1035","1","525","8"
"1036","90","527","34"
"1037","93","527","57"
"1038","64","527","9"
"1039","3","527","7"
"1040","62","527","19"
"1041","83","527","14"
"1042","42","528","38"
"1043","34","528","16"
"1044","83","528","36"
"1045","57","528","7"
"1046","14","528","11"
"1047","90","528","12"
"1048","42","529","10"
"1049","34","529","58"
"1050","90","533","27"
"1051","76","533","10"
"1052","62","533","29"
"1053","34","533","7"
"1054","3","533","6"
"1055","64","533","4"
"1056","34","534","11"
"1057","14","534","10"
"1058","42","534","19"
"1059","30","534","76"
"1060","93","534","12"
"1061","90","534","21"
"1062","34","537","8"
"1063","57","537","11"
"1064","44","537","58"
"1065","27","537","37"
"1066","3","538","9"
"1067","93","538","12"
"1068","83","538","24"
"1069","30","538","103"
"1070","64","538","5"
"1071","14","539","13"
"1072","64","539","31"
"1073","83","539","22"
"1074","3","539","34"
"1075","99","539","15"
"1076","3","540","19"
"1077","57","540","2"
"1078","14","540","74"
"1079","22","541","26"
"1080","82","541","18"
"1081","83","541","27"
"1082","42","541","14"
"1083","3","541","2"
"1084","76","542","22"
"1085","22","542","23"
"1086","83","542","14"
"1087","62","546","13"
"1088","1","546","5"
"1089","34","546","55"
"1090","14","547","106"
"1091","22","547","8"
"1092","44","547","76"
"1093","76","547","15"
"1094","90","547","6"
"1095","93","547","8"
"1096","99","547","14"
"1097","82","547","16"
"1098","64","548","75"
"1099","44","548","11"
"1100","27","548","38"
"1101","1","549","10"
"1102","34","549","39"
"1103","57","549","108"
"1104","44","549","24"
"1105","76","549","7"
"1106","82","549","15"
"1107","1","550","2"
"1108","64","550","2"
"1109","62","550","38"
"1110","99","550","28"
"1111","22","550","3"
"1112","44","550","11"
"1113","22","551","8"
"1114","27","551","3"
"1115","34","551","73"
"1116","93","551","107"
"1117","83","551","10"
"1118","3","551","6"
"1119","57","551","54"
"1120","44","551","11"
"1121","1","553","23"
"1122","64","553","109"
"1123","90","553","10"
"1124","3","553","16"
"1125","42","553","38"
"1126","30","553","72"
"1127","27","553","14"
"1128","82","553","101"
"1129","57","556","78"
"1130","42","556","29"
"1131","93","556","13"
"1132","3","556","18"
"1133","76","556","6"
"1134","76","558","18"
"1135","99","558","19"
"1136","57","558","53"
"1137","22","558","10"
"1138","27","558","8"
"1139","76","560","12"
"1140","82","561","58"
"1141","44","561","75"
"1142","99","561","5"
"1143","42","561","32"
"1144","14","561","75"
"1145","3","561","54"
"1146","82","567","2"
"1147","64","567","23"
"1148","90","567","37"
"1149","30","567","16"
"1150","44","567","15"
"1151","76","568","74"
"1152","83","568","19"
"1153","82","568","35"
"1154","57","568","7"
"1155","14","568","106"
"1156","30","570","12"
"1157","14","570","58"
"1158","3","570","34"
"1159","83","571","34"
"1160","82","571","9"
"1161","76","571","22"
"1162","22","571","6"
"1163","34","571","12"
"1164","27","572","33"
"1165","62","572","17"
"1166","22","572","16"
"1167","57","572","6"
"1168","99","572","10"
"1169","3","572","18"
"1170","30","572","29"
"1171","14","575","29"
"1172","42","575","2"
"1173","64","576","101"
"1174","93","576","17"
"1175","76","576","3"
"1176","42","576","21"
"1177","1","576","22"
"1178","99","582","25"
"1179","22","582","77"
"1180","3","582","22"
"1181","27","582","4"
"1182","42","582","108"
"1183","14","582","32"
"1184","64","582","105"
"1185","34","583","101"
"1186","64","583","53"
"1187","82","583","31"
"1188","93","583","14"
"1189","22","585","10"
"1190","3","585","55"
"1191","93","585","14"
"1192","42","585","55"
"1193","83","585","6"
"1194","34","585","2"
"1195","57","585","25"
"1196","34","586","19"
"1197","27","586","71"
"1198","30","586","17"
"1199","90","586","12"
"1200","62","586","10"
"1201","22","587","3"
"1202","64","587","16"
"1203","44","587","107"
"1204","83","588","58"
"1205","99","588","108"
"1206","44","588","59"
"1207","57","588","14"
"1208","22","595","103"
"1209","27","595","19"
"1210","76","595","27"
"1211","90","595","55"
"1212","57","595","54"
"1213","82","595","15"
"1214","62","595","51"
"1215","83","595","102"
"1216","30","598","31"
"1217","93","598","39"
"1218","82","598","79"
"1219","62","598","18"
"1220","57","598","23"
"1221","42","598","9"
"1222","62","599","29"
"1223","44","599","29"
"1224","82","599","10"
"1225","57","599","14"
"1226","83","601","11"
"1227","42","601","8"
"1228","1","601","78"
"1229","64","601","11"
"1230","62","601","76"
"1231","64","602","75"
"1232","14","602","107"
"1233","99","604","21"
"1234","22","604","22"
"1235","27","604","17"
"1236","99","607","106"
"1237","62","607","23"
"1238","1","607","105"
"1239","1","609","51"
"1240","57","609","23"
"1241","93","609","19"
"1242","82","609","6"
"1243","42","609","8"
"1244","22","609","21"
"1245","99","609","78"
"1246","76","610","18"
"1247","30","610","3"
"1248","1","610","58"
"1249","83","610","2"
"1250","64","610","53"
"1251","14","610","19"
"1252","44","610","77"
"1253","3","610","106"
"1254","57","610","17"
"1255","76","611","10"
"1256","34","611","36"
"1257","93","611","27"
"1258","44","611","17"
"1259","1","611","15"
"1260","14","612","75"
"1261","82","612","3"
"1262","1","613","10"
"1263","90","613","15"
"1264","30","613","27"
"1265","34","613","5"
"1266","93","613","38"
"1267","99","613","9"
"1268","42","613","25"
"1269","57","613","104"
"1270","62","616","12"
"1271","93","616","27"
"1272","22","616","55"
"1273","14","616","54"
"1274","27","617","18"
"1275","83","619","54"
"1276","57","619","108"
"1277","90","619","71"
"1278","1","619","7"
"1279","93","621","8"
"1280","82","621","15"
"1281","34","621","14"
"1282","30","621","10"
"1283","62","621","31"
"1284","14","621","109"
"1285","99","621","17"
"1286","27","622","5"
"1287","22","628","2"
"1288","42","628","12"
"1289","1","628","52"
"1290","62","628","34"
"1291","64","628","74"
"1292","76","628","3"
"1293","30","628","16"
"1294","62","630","23"
"1295","82","631","8"
"1296","44","631","108"
"1297","99","631","29"
"1298","62","631","77"
"1299","83","631","75"
"1300","64","631","22"
"1301","30","631","18"
"1302","93","632","52"
"1303","57","632","10"
"1304","82","632","72"
"1305","3","632","52"
"1306","30","634","5"
"1307","34","634","32"
"1308","42","634","13"
"1309","14","634","9"
"1310","82","636","12"
"1311","76","636","11"
"1312","93","636","35"
"1313","3","637","15"
"1314","44","637","12"
"1315","62","637","71"
"1316","82","637","16"
"1317","93","637","107"
"1318","99","637","11"
"1319","44","638","2"
"1320","3","638","104"
"1321","83","638","18"
"1322","22","638","15"
"1323","76","641","21"
"1324","64","641","58"
"1325","90","641","22"
"1326","30","641","11"
"1327","93","641","4"
"1328","22","641","29"
"1329","83","642","18"
"1330","44","642","6"
"1331","57","642","21"
"1332","27","642","11"
"1333","93","642","53"
"1334","93","645","22"
"1335","34","645","28"
"1336","90","646","18"
"1337","1","646","106"
"1338","27","646","15"
"1339","42","646","8"
"1340","99","646","9"
"1341","44","646","10"
"1342","62","647","57"
"1343","34","647","22"
"1344","3","647","25"
"1345","44","647","28"
"1346","82","653","26"
"1347","62","653","52"
"1348","42","653","24"
"1349","57","653","57"
"1350","64","654","34"
"1351","44","656","52"
"1352","76","656","14"
"1353","30","656","9"
"1354","82","656","2"
"1355","93","656","38"
"1356","3","656","51"
"1357","30","659","18"
"1358","44","659","13"
"1359","14","659","17"
"1360","82","659","8"
"1361","93","659","18"
"1362","22","659","21"
"1363","34","659","55"
"1364","3","659","59"
"1365","22","660","106"
"1366","76","660","21"
"1367","42","660","25"
"1368","30","661","23"
"1369","1","661","10"
"1370","27","661","7"
"1371","44","661","12"
"1372","82","661","26"
"1373","14","662","32"
"1374","90","665","4"
"1375","83","665","13"
"1376","57","665","37"
"1377","90","666","4"
"1378","22","666","13"
"1379","57","667","56"
"1380","99","667","34"
"1381","14","667","9"
"1382","42","667","10"
"1383","27","667","3"
"1384","34","667","105"
"1385","30","667","107"
"1386","44","669","10"
"1387","93","670","5"
"1388","57","670","72"
"1389","83","670","51"
"1390","34","670","3"
"1391","14","670","26"
"1392","44","670","37"
"1393","27","670","14"
"1394","30","673","11"
"1395","3","674","19"
"1396","34","674","3"
"1397","14","674","16"
"1398","83","674","18"
"1399","57","676","72"
"1400","34","676","2"
"1401","14","676","74"
"1402","82","677","21"
"1403","14","677","58"
"1404","3","677","12"
"1405","83","678","3"
"1406","93","678","19"
"1407","82","678","12"
"1408","83","681","26"
"1409","14","681","11"
"1410","93","681","54"
"1411","30","682","7"
"1412","3","682","16"
"1413","34","682","27"
"1414","1","682","13"
"1415","64","682","21"
"1416","44","682","3"
"1417","3","683","18"
"1418","93","683","5"
"1419","44","683","16"
"1420","64","683","3"
"1421","42","683","4"
"1422","90","683","58"
"1423","14","683","24"
"1424","82","683","108"
"1425","76","684","6"
"1426","1","684","7"
"1427","64","684","103"
"1428","34","684","72"
"1429","82","686","7"
"1430","64","686","57"
"1431","27","686","21"
"1432","27","688","72"
"1433","83","688","39"
"1434","3","688","75"
"1435","93","688","25"
"1436","64","688","54"
"1437","90","688","109"
"1438","34","688","8"
"1439","83","689","4"
"1440","93","689","14"
"1441","90","689","14"
"1442","42","692","10"
"1443","14","692","25"
"1444","93","692","3"
"1445","64","697","7"
"1446","42","698","107"
"1447","76","698","34"
"1448","90","698","32"
"1449","3","698","32"
"1450","99","699","2"
"1451","27","699","8"
"1452","90","699","14"
"1453","22","699","58"
"1454","42","702","29"
"1455","34","703","107"
"1456","64","703","29"
"1457","99","703","3"
"1458","76","703","10"
"1459","62","703","55"
"1460","57","703","58"
"1461","3","705","7"
"1462","57","705","12"
"1463","30","705","77"
"1464","90","705","15"
"1465","34","705","31"
"1466","14","705","11"
"1467","27","711","3"
"1468","30","711","77"
"1469","57","711","9"
"1470","99","711","55"
"1471","14","711","12"
"1472","14","712","79"
"1473","62","712","79"
"1474","57","713","101"
"1475","64","714","22"
"1476","22","714","12"
"1477","82","714","77"
"1478","99","714","14"
"1479","90","714","19"
"1480","34","716","73"
"1481","14","716","58"
"1482","1","716","28"
"1483","57","716","2"
"1484","90","717","33"
"1485","64","717","4"
"1486","22","717","17"
"1487","42","721","3"
"1488","1","721","29"
"1489","62","721","39"
"1490","83","721","76"
"1491","30","721","14"
"1492","27","721","13"
"1493","82","722","102"
"1494","42","722","53"
"1495","27","722","17"
"1496","93","722","27"
"1497","42","725","27"
"1498","3","725","105"
"1499","22","725","102"
"1500","44","725","101"
"1501","27","725","5"
"1502","30","725","27"
"1503","64","725","52"
"1504","90","727","23"
"1505","1","727","5"
"1506","76","727","6"
"1507","83","727","19"
"1508","64","728","2"
"1509","42","728","29"
"1510","34","729","18"
"1511","62","729","11"
"1512","30","729","12"
"1513","3","729","12"
"1514","82","729","26"
"1515","57","729","3"
"1516","22","734","8"
"1517","27","734","4"
"1518","30","734","103"
"1519","34","734","12"
"1520","3","734","4"
"1521","93","735","29"
"1522","99","735","52"
"1523","27","735","6"
"1524","64","735","77"
"1525","42","735","76"
"1526","34","735","5"
"1527","62","735","39"
"1528","1","735","5"
"1529","82","741","109"
"1530","44","741","77"
"1531","93","741","35"
"1532","57","743","21"
"1533","30","744","34"
"1534","99","744","27"
"1535","83","744","2"
"1536","76","745","13"
"1537","90","745","5"
"1538","27","745","5"
"1539","14","746","13"
"1540","93","746","10"
"1541","83","748","26"
"1542","3","748","12"
"1543","82","748","14"
"1544","76","748","54"
"1545","42","748","10"
"1546","14","750","2"
"1547","93","750","74"
"1548","90","750","3"
"1549","64","750","9"
"1550","22","751","6"
"1551","34","751","17"
"1552","44","751","105"
"1553","90","751","3"
"1554","99","751","79"
"1555","57","751","22"
"1556","62","752","21"
"1557","93","752","17"
"1558","27","752","4"
"1559","99","752","24"
"1560","76","752","12"
"1561","1","752","76"
"1562","82","753","5"
"1563","57","754","16"
"1564","99","754","19"
"1565","76","754","24"
"1566","22","754","16"
"1567","93","760","52"
"1568","22","760","3"
"1569","1","760","4"
"1570","82","760","12"
"1571","34","760","5"
"1572","83","760","6"
"1573","27","763","4"
"1574","1","763","19"
"1575","3","763","19"
"1576","3","765","22"
"1577","57","765","13"
"1578","93","765","11"
"1579","27","765","4"
"1580","14","765","38"
"1581","30","765","26"
"1582","34","768","6"
"1583","76","768","15"
"1584","62","768","10"
"1585","22","768","2"
"1586","30","768","4"
"1587","57","768","11"
"1588","27","768","17"
"1589","14","770","12"
"1590","93","770","51"
"1591","64","770","21"
"1592","42","770","51"
"1593","27","772","19"
"1594","83","772","78"
"1595","34","773","107"
"1596","90","773","21"
"1597","42","773","13"
"1598","14","773","27"
"1599","3","773","8"
"1600","64","773","12"
"1601","30","773","3"
"1602","34","775","8"
"1603","99","775","3"
"1604","57","775","29"
"1605","42","775","21"
"1606","22","775","57"
"1607","90","775","75"
"1608","82","775","22"
"1609","99","779","6"
"1610","76","779","36"
"1611","83","779","54"
"1612","44","779","11"
"1613","22","779","51"
"1614","62","779","58"
"1615","34","781","7"
"1616","1","781","105"
"1617","27","781","36"
"1618","99","781","32"
"1619","82","781","38"
"1620","57","781","10"
"1621","14","781","23"
"1622","42","781","5"
"1623","44","783","15"
"1624","82","786","12"
"1625","22","786","101"
"1626","1","787","11"
"1627","14","787","5"
"1628","30","787","24"
"1629","34","787","14"
"1630","99","787","21"
"1631","83","787","29"
"1632","30","790","9"
"1633","14","790","17"
"1634","82","790","17"
"1635","34","790","77"
"1636","57","791","33"
"1637","1","791","103"
"1638","93","791","16"
"1639","90","791","15"
"1640","30","791","22"
"1641","3","791","28"
"1642","44","791","31"
"1643","82","791","59"
"1644","93","792","16"
"1645","83","793","23"
"1646","93","793","31"
"1647","57","795","17"
"1648","93","795","79"
"1649","22","795","13"
"1650","3","795","72"
"1651","62","795","13"
"1652","90","796","76"
"1653","30","797","25"
"1654","83","797","25"
"1655","62","797","3"
"1656","1","797","18"
"1657","22","797","8"
"1658","34","797","25"
"1659","44","798","21"
"1660","14","798","26"
"1661","57","798","19"
"1662","90","798","13"
"1663","93","799","16"
"1664","57","799","10"
"1665","57","800","13"
"1666","57","802","4"
"1667","64","802","108"
"1668","99","802","33"
"1669","27","802","8"
"1670","44","802","4"
"1671","42","802","34"
"1672","1","806","12"
"1673","99","806","8"
"1674","90","806","56"
"1675","30","806","19"
"1676","14","806","24"
"1677","76","806","2"
"1678","83","807","3"
"1679","90","808","105"
"1680","99","808","57"
"1681","42","808","13"
"1682","82","808","8"
"1683","62","808","29"
"1684","64","808","10"
"1685","22","808","10"
"1686","64","810","55"
"1687","34","810","6"
"1688","82","810","12"
"1689","42","810","7"
"1690","3","812","21"
"1691","99","812","8"
"1692","76","812","27"
"1693","62","812","38"
"1694","83","816","12"
"1695","3","818","108"
"1696","99","819","9"
"1697","27","819","51"
"1698","34","819","28"
"1699","3","819","14"
"1700","83","819","12"
"1701","64","819","2"
"1702","57","819","12"
"1703","1","819","39"
"1704","62","820","23"
"1705","99","820","15"
"1706","34","823","51"
"1707","76","823","53"
"1708","99","823","52"
"1709","42","823","54"
"1710","14","823","19"
"1711","1","825","16"
"1712","93","825","105"
"1713","76","825","54"
"1714","14","825","74"
"1715","42","825","24"
"1716","82","825","6"
"1717","62","829","11"
"1718","99","829","9"
"1719","93","829","103"
"1720","30","831","28"
"1721","76","832","22"
"1722","93","832","36"
"1723","82","832","15"
"1724","27","832","24"
"1725","42","833","6"
"1726","27","833","15"
"1727","62","833","101"
"1728","76","833","4"
"1729","3","833","9"
"1730","99","833","72"
"1731","93","833","77"
"1732","57","833","21"
"1733","90","836","4"
"1734","44","836","9"
"1735","83","836","103"
"1736","99","836","12"
"1737","93","836","75"
"1738","42","836","32"
"1739","93","837","11"
"1740","64","837","7"
"1741","57","837","29"
"1742","62","837","13"
"1743","14","837","57"
"1744","44","838","28"
"1745","57","838","7"
"1746","82","838","26"
"1747","64","839","21"
"1748","1","839","34"
"1749","57","839","8"
"1750","34","840","24"
"1751","30","840","22"
"1752","1","840","37"
"1753","57","841","17"
"1754","44","841","103"
"1755","3","841","8"
"1756","90","841","21"
"1757","93","841","8"
"1758","30","841","26"
"1759","62","843","75"
"1760","83","843","2"
"1761","30","843","13"
"1762","82","843","14"
"1763","90","843","2"
"1764","44","843","18"
"1765","1","843","5"
"1766","99","844","12"
"1767","22","844","9"
"1768","30","844","4"
"1769","14","844","19"
"1770","76","844","33"
"1771","57","844","8"
"1772","83","844","3"
"1773","76","845","8"
"1774","62","845","76"
"1775","57","845","9"
"1776","34","845","79"
"1777","44","845","39"
"1778","82","845","32"
"1779","22","846","13"
"1780","62","846","9"
"1781","44","846","79"
"1782","76","846","18"
"1783","27","846","14"
"1784","99","846","6"
"1785","30","846","102"
"1786","3","846","10"
"1787","3","847","17"
"1788","14","847","104"
"1789","22","847","21"
"1790","82","847","6"
"1791","99","847","7"
"1792","64","847","26"
"1793","27","847","35"
"1794","1","848","13"
"1795","42","848","54"
"1796","99","852","26"
"1797","3","854","109"
"1798","62","854","11"
"1799","30","854","4"
"1800","44","854","59"
"1801","22","854","4"
"1802","83","855","2"
"1803","3","856","28"
"1804","99","856","2"
"1805","22","856","26"
"1806","34","856","4"
"1807","83","856","25"
"1808","30","856","12"
"1809","76","857","10"
"1810","44","859","26"
"1811","64","859","12"
"1812","99","859","56"
"1813","22","859","4"
"1814","1","859","17"
"1815","30","860","3"
"1816","93","860","2"
"1817","3","860","101"
"1818","1","860","15"
"1819","99","860","11"
"1820","64","862","5"
"1821","14","862","16"
"1822","93","862","35"
"1823","93","863","11"
"1824","76","863","9"
"1825","57","863","31"
"1826","27","863","11"
"1827","57","864","10"
"1828","93","867","23"
"1829","76","868","7"
"1830","82","870","35"
"1831","76","870","19"
"1832","83","870","102"
"1833","30","870","102"
"1834","1","870","71"
"1835","3","870","103"
"1836","99","870","12"
"1837","22","870","10"
"1838","44","870","11"
"1839","83","871","106"
"1840","34","871","25"
"1841","64","871","4"
"1842","82","871","4"
"1843","34","873","2"
"1844","1","873","24"
"1845","99","873","4"
"1846","83","873","27"
"1847","14","873","101"
"1848","30","874","27"
"1849","76","874","12"
"1850","93","874","106"
"1851","99","874","25"
"1852","1","874","79"
"1853","42","874","31"
"1854","64","874","7"
"1855","57","874","8"
"1856","93","877","23"
"1857","3","877","15"
"1858","62","877","21"
"1859","14","880","26"
"1860","30","880","5"
"1861","62","880","26"
"1862","99","880","103"
"1863","22","887","55"
"1864","14","887","12"
"1865","44","887","16"
"1866","57","887","4"
"1867","3","887","10"
"1868","83","887","7"
"1869","99","887","52"
"1870","82","888","4"
"1871","57","888","109"
"1872","62","888","53"
"1873","82","889","107"
"1874","42","889","6"
"1875","57","889","108"
"1876","62","892","16"
"1877","14","892","105"
"1878","82","892","25"
"1879","44","893","29"
"1880","62","893","8"
"1881","1","893","54"
"1882","30","893","17"
"1883","57","893","58"
"1884","99","893","38"
"1885","64","893","26"
"1886","14","893","16"
"1887","99","898","19"
"1888","14","898","5"
"1889","76","898","17"
"1890","99","899","14"
"1891","64","899","3"
"1892","22","899","58"
"1893","34","899","34"
"1894","14","899","4"
"1895","42","900","27"
"1896","64","900","22"
"1897","1","900","22"
"1898","82","900","14"
"1899","57","900","27"
"1900","76","900","32"
"1901","93","900","13"
"1902","42","901","102"
"1903","1","901","15"
"1904","93","901","29"
"1905","82","901","79"
"1906","64","902","7"
"1907","3","902","15"
"1908","90","902","2"
"1909","44","902","23"
"1910","83","902","3"
"1911","76","906","21"
"1912","62","906","3"
"1913","44","906","5"
"1914","99","906","56"
"1915","30","906","16"
"1916","83","906","25"
"1917","82","906","78"
"1918","42","906","3"
"1919","76","907","36"
"1920","1","907","11"
"1921","57","907","77"
"1922","44","907","17"
"1923","27","908","26"
"1924","82","908","6"
"1925","62","911","16"
"1926","93","911","108"
"1927","42","911","103"
"1928","34","911","3"
"1929","99","911","108"
"1930","44","911","9"
"1931","30","911","74"
"1932","99","916","54"
"1933","83","916","28"
"1934","76","916","8"
"1935","1","916","15"
"1936","62","916","14"
"1937","57","917","29"
"1938","14","917","57"
"1939","42","917","104"
"1940","99","917","14"
"1941","76","917","21"
"1942","44","917","18"
"1943","30","918","105"
"1944","42","918","109"
"1945","1","918","27"
"1946","27","918","59"
"1947","64","919","73"
"1948","42","919","2"
"1949","90","919","2"
"1950","44","919","3"
"1951","57","919","10"
"1952","30","919","7"
"1953","44","923","73"
"1954","22","923","10"
"1955","27","923","17"
"1956","62","923","71"
"1957","34","923","57"
"1958","93","923","19"
"1959","57","923","38"
"1960","30","923","75"
"1961","76","930","8"
"1962","99","935","52"
"1963","14","935","54"
"1964","57","935","7"
"1965","34","935","77"
"1966","64","935","54"
"1967","42","935","9"
"1968","44","935","3"
"1969","22","935","2"
"1970","42","936","22"
"1971","34","936","23"
"1972","93","936","28"
"1973","27","936","104"
"1974","76","936","105"
"1975","57","936","109"
"1976","57","938","18"
"1977","22","939","105"
"1978","42","939","57"
"1979","82","939","23"
"1980","57","940","19"
"1981","22","940","52"
"1982","76","940","29"
"1983","42","940","103"
"1984","62","940","106"
"1985","57","941","15"
"1986","83","944","71"
"1987","82","944","21"
"1988","57","944","38"
"1989","27","946","27"
"1990","1","946","36"
"1991","82","946","103"
"1992","57","946","102"
"1993","22","946","35"
"1994","3","946","16"
"1995","82","948","78"
"1996","62","948","10"
"1997","1","948","7"
"1998","76","948","21"
"1999","90","951","12"
"2000","42","951","72"
"2001","30","951","13"
"2002","64","951","8"
"2003","34","951","72"
"2004","99","951","23"
"2005","3","951","6"
"2006","42","954","6"
"2007","14","956","56"
"2008","44","956","26"
"2009","76","956","105"
"2010","93","956","8"
"2011","42","956","28"
"2012","30","956","23"
"2013","34","956","35"
"2014","44","959","53"
"2015","93","959","4"
"2016","82","959","35"
"2017","14","959","9"
"2018","62","959","105"
"2019","64","959","10"
"2020","42","963","34"
"2021","3","964","21"
"2022","14","964","74"
"2023","57","964","13"
"2024","82","964","4"
"2025","90","964","7"
"2026","62","964","2"
"2027","99","965","3"
"2028","62","965","17"
"2029","3","965","73"
"2030","34","965","2"
"2031","93","965","32"
"2032","83","966","11"
"2033","90","966","23"
"2034","62","966","26"
"2035","64","966","2"
"2036","57","966","5"
"2037","76","968","6"
"2038","3","968","107"
"2039","34","968","53"
"2040","90","968","36"
"2041","99","968","9"
"2042","1","968","29"
"2043","14","968","9"
"2044","82","969","37"
"2045","93","970","59"
"2046","3","971","21"
"2047","99","971","5"
"2048","44","971","12"
"2049","93","976","13"
"2050","42","976","3"
"2051","1","976","75"
"2052","34","976","105"
"2053","22","976","11"
"2054","90","976","109"
"2055","99","976","11"
"2056","44","977","105"
"2057","42","977","8"
"2058","3","977","2"
"2059","83","977","109"
"2060","30","977","22"
"2061","93","977","8"
"2062","34","977","18"
"2063","57","978","9"
"2064","14","978","16"
"2065","83","978","7"
"2066","62","978","39"
"2067","90","978","73"
"2068","3","978","56"
"2069","27","979","11"
"2070","1","979","11"
"2071","44","979","6"
"2072","76","979","36"
"2073","3","979","9"
"2074","64","979","37"
"2075","44","984","27"
"2076","34","984","23"
"2077","57","984","13"
"2078","14","984","106"
"2079","99","984","79"
"2080","3","984","71"
"2081","83","985","13"
"2082","3","985","108"
"2083","90","985","19"
"2084","44","985","39"
"2085","64","985","4"
"2086","82","985","2"
"2087","93","985","10"
"2088","34","987","9"
"2089","62","987","27"
"2090","83","987","51"
"2091","1","987","73"
"2092","90","987","59"
"2093","3","987","7"
"2094","44","987","29"
"2095","82","989","59"
"2096","22","989","3"
"2097","62","989","13"
"2098","90","989","2"
"2099","14","989","14"
"2100","42","990","106"
"2101","83","990","12"
"2102","14","990","19"
"2103","44","990","102"
"2104","99","990","14"
"2105","76","992","13"
"2106","42","992","22"
"2107","3","992","104"
"2108","27","992","51"
"2109","14","992","36"
"2110","57","992","18"
"2111","14","993","109"
"2112","22","993","32"
"2113","42","993","22"
"2114","34","993","2"
"2115","30","993","58"
"2116","3","994","71"
"2117","30","994","26"
"2118","42","994","102"
"2119","93","994","2"
"2120","83","994","3"
"2121","27","995","11"
"2122","42","995","5"
"2123","22","995","4"
"2124","14","996","29"
"2125","34","996","3"
"2126","90","997","3"
"2127","76","997","14"
"2128","62","997","25"
"2129","14","997","55"
"2130","22","997","4"
"2131","82","997","10"
"2132","76","998","3"
"2133","22","998","17"
"2134","42","998","13"
"2135","14","999","77"
"2136","93","1001","76"
"2137","22","1001","105"
"2138","27","1001","7"
"2139","62","1001","5"
"2140","3","1001","22"
"2141","99","1001","33"
"2142","44","1001","28"
"2143","30","1002","56"
"2144","44","1003","7"
"2145","62","1003","4"
"2146","3","1003","16"
"2147","83","1003","8"
"2148","90","1003","16"
"2149","44","1005","103"
"2150","64","1011","8"
"2151","90","1011","27"
"2152","44","1011","72"
"2153","83","1011","72"
"2154","99","1011","18"
"2155","42","1011","28"
"2156","22","1012","8"
"2157","1","1012","27"
"2158","83","1012","103"
"2159","3","1012","15"
"2160","34","1012","14"
"2161","93","1014","9"
"2162","3","1014","11"
"2163","93","1015","13"
"2164","57","1015","104"
"2165","34","1015","15"
"2166","83","1015","11"
"2167","30","1015","2"
"2168","27","1015","6"
"2169","14","1016","27"
"2170","22","1016","51"
"2171","42","1016","79"
"2172","82","1016","2"
"2173","34","1016","10"
"2174","44","1016","26"
"2175","64","1016","59"
"2176","82","1017","18"
"2177","64","1017","14"
"2178","30","1017","4"
"2179","22","1017","108"
"2180","14","1017","15"
"2181","83","1017","10"
"2182","57","1017","22"
"2183","83","1021","39"
"2184","90","1021","76"
"2185","1","1021","53"
"2186","3","1021","77"
"2187","76","1021","19"
"2188","76","1024","36"
"2189","14","1024","10"
"2190","42","1024","9"
"2191","30","1024","18"
"2192","99","1025","11"
"2193","90","1025","102"
"2194","62","1025","7"
"2195","14","1025","76"
"2196","42","1025","9"
"2197","1","1026","4"
"2198","30","1026","78"
"2199","30","1027","108"
"2200","44","1027","2"
"2201","64","1027","6"
"2202","22","1027","35"
"2203","22","1029","29"
"2204","83","1029","10"
"2205","99","1033","7"
"2206","82","1033","11"
"2207","14","1033","17"
"2208","44","1033","15"
"2209","44","1036","16"
"2210","57","1036","53"
"2211","3","1036","4"
"2212","22","1036","13"
"2213","82","1036","10"
"2214","34","1037","53"
"2215","42","1037","12"
"2216","62","1040","59"
"2217","83","1040","14"
"2218","76","1040","10"
"2219","99","1040","6"
"2220","14","1040","76"
"2221","93","1041","8"
"2222","57","1041","10"
"2223","64","1041","71"
"2224","42","1041","5"
"2225","27","1043","51"
"2226","93","1044","15"
"2227","64","1046","105"
"2228","22","1046","3"
"2229","57","1046","13"
"2230","62","1046","72"
"2231","3","1046","38"
"2232","30","1046","53"
"2233","44","1046","75"
"2234","83","1048","19"
"2235","3","1048","10"
"2236","76","1048","15"
"2237","93","1048","10"
"2238","76","1051","6"
"2239","62","1051","21"
"2240","27","1051","27"
"2241","34","1051","36"
"2242","22","1052","19"
"2243","93","1055","4"
"2244","3","1055","8"
"2245","64","1055","12"
"2246","34","1055","3"
"2247","22","1057","11"
"2248","34","1057","9"
"2249","64","1057","107"
"2250","82","1057","33"
"2251","30","1057","27"
"2252","93","1063","56"
"2253","76","1063","18"
"2254","30","1063","102"
"2255","14","1063","8"
"2256","90","1063","8"
"2257","64","1064","19"
"2258","34","1065","72"
"2259","3","1065","26"
"2260","82","1065","13"
"2261","44","1065","16"
"2262","99","1065","25"
"2263","14","1066","29"
"2264","64","1066","14"
"2265","57","1066","8"
"2266","3","1066","16"
"2267","34","1066","10"
"2268","27","1066","106"
"2269","44","1066","16"
"2270","1","1066","26"
"2271","90","1067","77"
"2272","14","1067","28"
"2273","62","1069","27"
"2274","1","1069","7"
"2275","83","1069","14"
"2276","1","1072","12"
"2277","34","1072","23"
"2278","44","1072","18"
"2279","83","1072","33"
"2280","62","1072","103"
"2281","64","1074","10"
"2282","99","1074","24"
"2283","42","1074","59"
"2284","3","1074","4"
"2285","27","1077","23"
"2286","14","1077","31"
"2287","22","1080","12"
"2288","90","1081","14"
"2289","83","1081","76"
"2290","99","1081","73"
"2291","57","1082","8"
"2292","62","1082","36"
"2293","82","1082","10"
"2294","99","1082","107"
"2295","62","1084","15"
"2296","83","1084","6"
"2297","93","1088","2"
"2298","34","1088","18"
"2299","90","1088","12"
"2300","1","1088","34"
"2301","14","1090","34"
"2302","30","1090","25"
"2303","44","1090","25"
"2304","64","1090","12"
"2305","27","1090","5"
"2306","90","1092","29"
"2307","14","1092","56"
"2308","93","1092","5"
"2309","42","1093","109"
"2310","1","1093","2"
"2311","62","1093","35"
"2312","64","1093","11"
"2313","76","1095","17"
"2314","27","1096","23"
"2315","1","1096","107"
"2316","3","1096","54"
"2317","82","1096","8"
"2318","57","1098","31"
"2319","90","1098","5"
"2320","30","1099","78"
"2321","3","1099","19"
"2322","44","1101","106"
"2323","62","1101","15"
"2324","57","1101","12"
"2325","1","1101","17"
"2326","30","1102","15"
"2327","82","1102","7"
"2328","83","1102","25"
"2329","22","1102","17"
"2330","44","1102","9"
"2331","64","1102","7"
"2332","27","1102","8"
"2333","64","1107","31"
"2334","93","1107","38"
"2335","82","1107","12"
"2336","22","1107","72"
"2337","93","1110","12"
"2338","82","1110","29"
"2339","64","1110","9"
"2340","3","1110","103"
"2341","27","1110","11"
"2342","1","1110","16"
"2343","34","1112","16"
"2344","64","1112","17"
"2345","22","1112","53"
"2346","90","1112","4"
"2347","27","1112","38"
"2348","64","1113","109"
"2349","76","1113","17"
"2350","90","1113","21"
"2351","34","1113","25"
"2352","27","1113","16"
"2353","14","1113","9"
"2354","22","1113","17"
"2355","42","1113","53"
"2356","62","1114","7"
"2357","42","1118","15"
"2358","3","1118","38"
"2359","14","1118","3"
"2360","93","1119","4"
"2361","83","1119","7"
"2362","30","1119","12"
"2363","90","1119","73"
"2364","93","1124","9"
"2365","30","1124","14"
"2366","42","1124","32"
"2367","83","1126","10"
"2368","76","1126","109"
"2369","14","1126","2"
"2370","90","1126","31"
"2371","57","1126","14"
"2372","3","1126","53"
"2373","64","1126","55"
"2374","34","1126","23"
"2375","99","1128","75"
"2376","57","1128","31"
"2377","64","1128","15"
"2378","27","1128","103"
"2379","42","1128","5"
"2380","1","1128","8"
"2381","93","1128","7"
"2382","27","1131","19"
"2383","1","1131","23"
"2384","90","1131","16"
"2385","62","1133","25"
"2386","27","1133","13"
"2387","76","1133","3"
"2388","99","1134","29"
"2389","14","1134","21"
"2390","62","1134","2"
"2391","3","1134","17"
"2392","27","1135","56"
"2393","83","1135","25"
"2394","62","1135","9"
"2395","14","1135","8"
"2396","57","1135","13"
"2397","64","1136","103"
"2398","82","1136","29"
"2399","3","1136","12"
"2400","27","1137","13"
"2401","82","1137","108"
"2402","62","1137","8"
"2403","1","1138","19"
"2404","34","1138","22"
"2405","44","1140","19"
"2406","14","1140","36"
"2407","90","1140","12"
"2408","30","1140","78"
"2409","76","1140","17"
"2410","34","1141","52"
"2411","22","1141","103"
"2412","1","1141","36"
"2413","83","1141","19"
"2414","42","1141","19"
"2415","93","1141","22"
"2416","1","1142","29"
"2417","44","1142","25"
"2418","42","1142","16"
"2419","83","1142","33"
"2420","62","1142","25"
"2421","93","1142","37"
"2422","62","1144","12"
"2423","57","1144","4"
"2424","90","1144","8"
"2425","82","1144","5"
"2426","3","1144","71"
"2427","99","1144","78"
"2428","99","1146","18"
"2429","14","1146","10"
"2430","30","1146","28"
"2431","57","1146","17"
"2432","93","1146","13"
"2433","62","1148","13"
"2434","22","1148","29"
"2435","42","1148","59"
"2436","82","1148","11"
"2437","22","1151","79"
"2438","76","1151","15"
"2439","82","1151","6"
"2440","42","1151","22"
"2441","57","1151","71"
"2442","3","1151","19"
"2443","30","1152","57"
"2444","90","1155","5"
"2445","99","1155","18"
"2446","14","1155","36"
"2447","64","1155","103"
"2448","1","1155","25"
"2449","30","1155","77"
"2450","93","1155","18"
"2451","42","1155","10"
"2452","44","1157","11"
"2453","83","1157","16"
"2454","27","1157","4"
"2455","99","1157","21"
"2456","3","1159","35"
"2457","93","1159","14"
"2458","14","1159","8"
"2459","90","1159","15"
"2460","34","1161","17"
"2461","30","1161","4"
"2462","42","1161","8"
"2463","42","1162","39"
"2464","83","1164","19"
"2465","93","1164","73"
"2466","1","1164","2"
"2467","34","1164","13"
"2468","82","1165","51"
"2469","76","1165","14"
"2470","1","1165","19"
"2471","34","1165","2"
"2472","83","1166","5"
"2473","82","1167","9"
"2474","83","1167","4"
"2475","22","1167","72"
"2476","99","1167","13"
"2477","34","1167","55"
"2478","90","1167","16"
"2479","1","1170","102"
"2480","34","1170","79"
"2481","30","1170","14"
"2482","27","1170","74"
"2483","57","1170","39"
"2484","42","1170","108"
"2485","93","1176","3"
"2486","30","1176","8"
"2487","1","1176","6"
"2488","22","1176","11"
"2489","44","1176","33"
"2490","34","1177","14"
"2491","83","1177","28"
"2492","22","1177","17"
"2493","62","1177","74"
"2494","42","1177","10"
"2495","64","1178","2"
"2496","90","1178","18"
"2497","14","1178","16"
"2498","82","1178","18"
"2499","64","1179","5"
"2500","90","1179","8"
"2501","44","1179","29"
"2502","3","1180","9"
"2503","82","1180","27"
"2504","90","1183","23"
"2505","34","1183","58"
"2506","30","1183","57"
"2507","99","1183","4"
"2508","1","1183","102"
"2509","62","1183","14"
"2510","82","1183","27"
"2511","14","1183","25"
"2512","22","1186","16"
"2513","34","1186","26"
"2514","30","1186","31"
"2515","42","1186","72"
"2516","93","1186","72"
"2517","44","1186","5"
"2518","14","1186","7"
"2519","90","1191","12"
"2520","30","1191","27"
"2521","1","1191","105"
"2522","93","1191","15"
"2523","83","1192","19"
"2524","44","1193","5"
"2525","3","1193","26"
"2526","42","1193","56"
"2527","14","1193","14"
"2528","22","1195","57"
"2529","30","1195","15"
"2530","64","1195","77"
"2531","1","1195","11"
"2532","34","1196","28"
"2533","83","1196","14"
"2534","93","1196","11"
"2535","57","1196","17"
"2536","30","1196","18"
"2537","64","1196","56"
"2538","30","1199","19"
"2539","90","1199","4"
"2540","14","1199","105"
"2541","82","1200","35"
"2542","3","1201","8"
"2543","99","1202","76"
"2544","22","1202","22"
"2545","27","1202","13"
"2546","83","1202","2"
"2547","82","1202","18"
"2548","14","1202","22"
"2549","34","1202","23"
"2550","64","1202","14"
"2551","76","1203","19"
"2552","14","1203","27"
"2553","57","1203","3"
"2554","27","1204","3"
"2555","42","1204","74"
"2556","83","1206","73"
"2557","34","1206","52"
"2558","3","1206","74"
"2559","93","1207","56"
"2560","34","1207","13"
"2561","27","1207","16"
"2562","22","1207","10"
"2563","30","1207","6"
"2564","57","1210","25"
"2565","34","1210","9"
"2566","62","1210","29"
"2567","76","1210","2"
"2568","99","1210","10"
"2569","90","1211","71"
"2570","62","1211","18"
"2571","82","1211","4"
"2572","99","1211","11"
"2573","14","1211","57"
"2574","93","1214","7"
"2575","83","1215","32"
"2576","62","1216","51"
"2577","30","1216","39"
"2578","44","1216","13"
"2579","57","1216","4"
"2580","76","1216","28"
"2581","82","1216","78"
"2582","3","1218","15"
"2583","82","1218","36"
"2584","76","1218","6"
"2585","64","1218","52"
"2586","42","1218","72"
"2587","93","1218","17"
"2588","42","1221","75"
"2589","99","1221","21"
"2590","57","1221","7"
"2591","76","1221","16"
"2592","3","1221","78"
"2593","82","1221","55"
"2594","30","1221","4"
"2595","57","1222","11"
"2596","22","1222","54"
"2597","34","1222","26"
"2598","27","1222","108"
"2599","30","1222","71"
"2600","14","1223","9"
"2601","34","1223","14"
"2602","83","1223","12"
"2603","82","1223","2"
"2604","64","1223","38"
"2605","30","1223","9"
"2606","34","1225","16"
"2607","44","1225","19"
"2608","30","1225","12"
"2609","82","1225","22"
"2610","76","1225","14"
"2611","22","1227","109"
"2612","62","1228","5"
"2613","27","1228","32"
"2614","64","1228","19"
"2615","82","1228","8"
"2616","27","1232","3"
"2617","3","1232","11"
"2618","22","1232","18"
"2619","30","1232","78"
"2620","42","1232","13"
"2621","14","1232","13"
"2622","34","1232","35"
"2623","44","1237","8"
"2624","83","1237","12"
"2625","93","1237","16"
"2626","90","1237","3"
"2627","57","1241","28"
"2628","1","1241","54"
"2629","76","1241","11"
"2630","30","1241","10"
"2631","22","1245","59"
"2632","76","1245","14"
"2633","34","1245","26"
"2634","64","1245","7"
"2635","42","1245","38"
"2636","93","1245","104"
"2637","57","1245","29"
"2638","83","1246","109"
"2639","99","1246","29"
"2640","64","1246","13"
"2641","3","1247","8"
"2642","76","1247","12"
"2643","1","1247","7"
"2644","90","1247","56"
"2645","27","1247","28"
"2646","62","1247","33"
"2647","22","1249","14"
"2648","1","1249","108"
"2649","99","1250","8"
"2650","1","1251","4"
"2651","57","1251","5"
"2652","64","1251","35"
"2653","90","1251","104"
"2654","1","1254","19"
"2655","3","1254","12"
"2656","22","1254","12"
"2657","57","1254","53"
"2658","57","1256","7"
"2659","90","1256","24"
"2660","30","1256","54"
"2661","3","1256","27"
"2662","83","1256","53"
"2663","1","1257","21"
"2664","99","1257","109"
"2665","3","1257","7"
"2666","83","1257","2"
"2667","34","1257","3"
"2668","64","1257","4"
"2669","27","1260","10"
"2670","90","1260","15"
"2671","83","1260","58"
"2672","57","1260","7"
"2673","34","1260","31"
"2674","62","1260","57"
"2675","3","1260","21"
"2676","1","1265","13"
"2677","34","1265","6"
"2678","22","1265","57"
"2679","62","1266","9"
"2680","99","1266","22"
"2681","22","1266","79"
"2682","27","1266","39"
"2683","62","1270","12"
"2684","42","1270","72"
"2685","27","1270","18"
"2686","90","1270","8"
"2687","44","1270","59"
"2688","64","1270","77"
"2689","22","1271","6"
"2690","14","1271","71"
"2691","82","1271","11"
"2692","76","1271","55"
"2693","99","1271","101"
"2694","30","1271","58"
"2695","42","1271","11"
"2696","3","1271","103"
"2697","27","1272","9"
"2698","34","1272","14"
"2699","82","1272","19"
"2700","57","1273","33"
"2701","14","1276","38"
"2702","57","1276","106"
"2703","90","1276","13"
"2704","44","1276","16"
"2705","27","1276","74"
"2706","1","1281","21"
"2707","76","1282","15"
"2708","62","1282","9"
"2709","57","1282","58"
"2710","82","1282","23"
"2711","90","1282","9"
"2712","76","1284","9"
"2713","90","1284","57"
"2714","62","1284","10"
"2715","83","1284","7"
"2716","3","1284","5"
"2717","22","1284","12"
"2718","30","1286","12"
"2719","42","1286","8"
"2720","99","1286","4"
"2721","83","1286","106"
"2722","82","1286","9"
"2723","93","1286","16"
"2724","22","1286","104"
"2725","34","1288","29"
"2726","83","1288","52"
"2727","64","1288","38"
"2728","14","1288","77"
"2729","30","1288","4"
"2730","27","1288","3"
"2731","3","1288","52"
"2732","83","1290","10"
"2733","30","1290","39"
"2734","93","1290","15"
"2735","27","1291","77"
"2736","83","1291","102"
"2737","76","1291","102"
"2738","14","1292","39"
"2739","90","1292","10"
"2740","64","1292","102"
"2741","22","1292","14"
"2742","14","1295","4"
"2743","27","1295","104"
"2744","34","1295","24"
"2745","90","1295","19"
"2746","62","1298","26"
"2747","34","1298","21"
"2748","1","1298","7"
"2749","90","1299","106"
"2750","34","1299","7"
"2751","14","1299","17"
"2752","83","1299","11"
"2753","44","1299","75"
"2754","93","1299","35"
"2755","1","1300","7"
"2756","42","1300","2"
"2757","44","1300","105"
"2758","76","1300","55"
"2759","57","1300","8"
"2760","90","1302","3"
"2761","83","1302","57"
"2762","42","1302","12"
"2763","44","1305","29"
"2764","99","1305","39"
"2765","27","1305","18"
"2766","14","1305","15"
"2767","82","1307","7"
"2768","34","1307","3"
"2769","27","1307","11"
"2770","44","1307","19"
"2771","90","1307","8"
"2772","42","1307","79"
"2773","44","1308","31"
"2774","30","1308","76"
"2775","34","1308","31"
"2776","22","1308","76"
"2777","82","1310","14"
"2778","62","1310","22"
"2779","90","1311","11"
"2780","44","1311","21"
"2781","57","1311","11"
"2782","27","1311","10"
"2783","22","1311","15"
"2784","42","1313","106"
"2785","1","1313","31"
"2786","30","1313","23"
"2787","44","1314","14"
"2788","62","1314","5"
"2789","64","1314","5"
"2790","62","1315","9"
"2791","3","1315","78"
"2792","42","1315","14"
"2793","44","1315","5"
"2794","27","1315","12"
"2795","57","1316","10"
"2796","27","1317","12"
"2797","82","1317","6"
"2798","34","1317","29"
"2799","93","1317","2"
"2800","1","1322","18"
"2801","57","1322","9"
"2802","30","1322","28"
"2803","34","1322","107"
"2804","22","1325","2"
"2805","57","1325","76"
"2806","93","1325","73"
"2807","3","1325","36"
"2808","22","1326","52"
"2809","93","1327","18"
"2810","27","1327","51"
"2811","3","1327","105"
"2812","42","1327","107"
"2813","93","1328","14"
"2814","27","1328","31"
"2815","99","1328","107"
"2816","22","1330","4"
"2817","34","1330","77"
"2818","3","1330","21"
"2819","93","1330","72"
"2820","3","1331","7"
"2821","42","1331","21"
"2822","93","1331","14"
"2823","1","1331","10"
"2824","34","1331","7"
"2825","83","1334","5"
"2826","1","1334","23"
"2827","22","1334","22"
"2828","14","1334","15"
"2829","62","1334","7"
"2830","14","1336","73"
"2831","44","1336","8"
"2832","42","1338","21"
"2833","14","1338","7"
"2834","99","1338","57"
"2835","93","1341","31"
"2836","27","1341","12"
"2837","44","1341","6"
"2838","42","1341","109"
"2839","83","1341","34"
"2840","3","1341","33"
"2841","22","1342","79"
"2842","34","1342","13"
"2843","42","1342","16"
"2844","30","1343","16"
"2845","27","1343","25"
"2846","3","1343","78"
"2847","57","1343","9"
"2848","90","1345","5"
"2849","62","1345","17"
"2850","82","1346","6"
"2851","99","1346","11"
"2852","22","1346","76"
"2853","93","1346","37"
"2854","27","1346","74"
"2855","93","1349","7"
"2856","42","1349","17"
"2857","1","1351","6"
"2858","22","1351","32"
"2859","3","1351","11"
"2860","82","1352","12"
"2861","30","1352","19"
"2862","62","1352","19"
"2863","3","1352","55"
"2864","76","1352","19"
"2865","83","1357","106"
"2866","27","1357","11"
"2867","1","1357","19"
"2868","99","1357","11"
"2869","82","1357","11"
"2870","3","1357","5"
"2871","57","1358","31"
"2872","44","1358","8"
"2873","30","1358","102"
"2874","34","1358","107"
"2875","64","1358","4"
"2876","27","1358","15"
"2877","42","1359","108"
"2878","82","1359","53"
"2879","34","1359","21"
"2880","99","1359","12"
"2881","83","1359","58"
"2882","3","1361","105"
"2883","1","1365","26"
"2884","90","1365","109"
"2885","42","1366","3"
"2886","27","1366","27"
"2887","82","1366","77"
"2888","99","1366","57"
"2889","30","1366","22"
"2890","93","1366","7"
"2891","57","1368","14"
"2892","44","1368","3"
"2893","76","1368","35"
"2894","27","1368","25"
"2895","99","1368","17"
"2896","34","1368","15"
"2897","93","1369","106"
"2898","44","1372","10"
"2899","57","1372","75"
"2900","34","1372","56"
"2901","42","1372","17"
"2902","76","1372","38"
"2903","1","1372","74"
"2904","34","1373","57"
"2905","30","1373","34"
"2906","42","1373","23"
"2907","57","1373","79"
"2908","64","1373","108"
"2909","99","1373","22"
"2910","90","1374","15"
"2911","34","1374","109"
"2912","62","1374","77"
"2913","82","1374","13"
"2914","1","1374","106"
"2915","64","1374","35"
"2916","44","1374","19"
"2917","93","1374","12"
"2918","30","1380","5"
"2919","82","1380","9"
"2920","93","1380","27"
"2921","1","1382","108"
"2922","57","1382","21"
"2923","64","1382","102"
"2924","62","1382","9"
"2925","76","1382","5"
"2926","14","1384","17"
"2927","1","1384","8"
"2928","82","1384","12"
"2929","27","1384","2"
"2930","30","1384","53"
"2931","34","1385","11"
"2932","44","1385","9"
"2933","93","1385","31"
"2934","14","1386","16"
"2935","1","1386","13"
"2936","34","1386","7"
"2937","30","1386","13"
"2938","64","1386","27"
"2939","42","1387","33"
"2940","83","1387","15"
"2941","30","1390","9"
"2942","82","1390","109"
"2943","34","1391","103"
"2944","64","1392","34"
"2945","1","1392","34"
"2946","42","1392","23"
"2947","90","1395","17"
"2948","83","1395","52"
"2949","3","1395","21"
"2950","14","1395","101"
"2951","82","1395","13"
"2952","42","1396","24"
"2953","30","1396","26"
"2954","93","1396","19"
"2955","99","1396","71"
"2956","57","1398","72"
"2957","27","1398","27"
"2958","82","1398","6"
"2959","14","1398","77"
"2960","62","1398","14"
"2961","93","1398","31"
"2962","90","1398","2"
"2963","83","1398","59"
"2964","44","1398","6"
"2965","90","1403","72"
"2966","3","1403","4"
"2967","64","1403","6"
"2968","62","1403","6"
"2969","44","1405","32"
"2970","82","1405","108"
"2971","14","1405","14"
"2972","62","1405","5"
"2973","57","1405","15"
"2974","62","1406","34"
"2975","64","1406","17"
"2976","42","1406","75"
"2977","3","1406","108"
"2978","82","1406","25"
"2979","42","1407","2"
"2980","34","1407","13"
"2981","83","1407","13"
"2982","57","1407","22"
"2983","83","1408","24"
"2984","57","1408","17"
"2985","42","1408","9"
"2986","34","1408","2"
"2987","99","1409","8"
"2988","3","1409","108"
"2989","44","1409","14"
"2990","83","1409","37"
"2991","22","1409","15"
"2992","62","1409","10"
"2993","22","1410","5"
"2994","3","1410","24"
"2995","90","1410","11"
"2996","14","1410","58"
"2997","42","1410","38"
"2998","99","1410","21"
"2999","62","1410","52"
"3000","83","1411","11"
"3001","42","1411","19"
"3002","34","1411","56"
"3003","3","1411","12"
"3004","1","1414","71"
"3005","27","1414","17"
"3006","83","1414","9"
"3007","22","1414","7"
"3008","90","1414","12"
"3009","30","1415","5"
"3010","14","1415","56"
"3011","64","1415","10"
"3012","22","1415","4"
"3013","62","1415","32"
"3014","93","1415","18"
"3015","90","1420","106"
"3016","57","1420","10"
"3017","30","1421","26"
"3018","34","1421","32"
"3019","1","1421","17"
"3020","99","1421","4"
"3021","82","1421","51"
"3022","27","1425","105"
"3023","42","1425","17"
"3024","22","1427","56"
"3025","14","1427","9"
"3026","44","1427","35"
"3027","76","1429","33"
"3028","82","1429","21"
"3029","1","1429","54"
"3030","22","1429","25"
"3031","30","1429","11"
"3032","1","1432","16"
"3033","93","1432","3"
"3034","57","1432","55"
"3035","22","1433","77"
"3036","27","1433","22"
"3037","82","1433","12"
"3038","99","1433","51"
"3039","90","1434","39"
"3040","99","1434","26"
"3041","14","1434","9"
"3042","44","1434","2"
"3043","30","1434","22"
"3044","14","1437","8"
"3045","99","1437","36"
"3046","90","1440","5"
"3047","83","1440","24"
"3048","27","1440","6"
"3049","62","1440","3"
"3050","3","1440","78"
"3051","44","1440","7"
"3052","82","1441","52"
"3053","76","1441","12"
"3054","62","1441","13"
"3055","22","1441","11"
"3056","1","1441","22"
"3057","99","1441","25"
"3058","90","1442","107"
"3059","64","1442","10"
"3060","22","1442","15"
"3061","30","1442","14"
"3062","1","1442","9"
"3063","34","1442","23"
"3064","14","1449","22"
"3065","34","1449","6"
"3066","1","1449","103"
"3067","90","1449","22"
"3068","99","1449","26"
"3069","22","1450","29"
"3070","44","1450","13"
"3071","62","1450","24"
"3072","30","1450","73"
"3073","57","1450","31"
"3074","14","1450","54"
"3075","57","1452","12"
"3076","99","1452","3"
"3077","64","1452","18"
"3078","82","1452","26"
"3079","30","1452","8"
"3080","34","1452","29"
"3081","90","1452","12"
"3082","83","1452","11"
"3083","14","1455","54"
"3084","90","1455","2"
"3085","57","1455","9"
"3086","34","1455","22"
"3087","82","1455","29"
"3088","27","1455","27"
"3089","93","1455","7"
"3090","82","1458","17"
"3091","30","1458","15"
"3092","42","1459","14"
"3093","64","1461","109"
"3094","27","1461","5"
"3095","83","1461","73"
"3096","14","1461","18"
"3097","62","1461","17"
"3098","34","1461","7"
"3099","82","1461","10"
"3100","1","1463","3"
"3101","30","1463","13"
"3102","22","1463","55"
"3103","99","1463","10"
"3104","14","1463","108"
"3105","14","1465","8"
"3106","76","1466","16"
"3107","83","1466","79"
"3108","76","1467","52"
"3109","42","1467","8"
"3110","22","1467","9"
"3111","83","1467","7"
"3112","93","1467","33"
"3113","34","1468","22"
"3114","1","1468","17"
"3115","82","1469","51"
"3116","76","1469","4"
"3117","64","1472","31"
"3118","83","1472","53"
"3119","99","1472","109"
"3120","1","1472","3"
"3121","76","1472","23"
"3122","44","1472","8"
"3123","57","1472","2"
"3124","22","1472","37"
"3125","14","1478","10"
"3126","93","1478","22"
"3127","27","1478","31"
"3128","99","1478","26"
"3129","22","1478","57"
"3130","82","1478","13"
"3131","44","1478","101"
"3132","99","1479","7"
"3133","57","1479","25"
"3134","90","1479","16"
"3135","83","1479","23"
"3136","62","1479","59"
"3137","42","1479","19"
"3138","27","1479","6"
"3139","76","1481","14"
"3140","34","1481","108"
"3141","62","1481","27"
"3142","42","1481","12"
"3143","83","1482","105"
"3144","22","1482","5"
"3145","14","1482","8"
"3146","42","1482","17"
"3147","57","1482","107"
"3148","62","1482","53"
"3149","3","1482","4"
"3150","34","1483","25"
"3151","57","1483","36"
"3152","76","1483","55"
"3153","3","1483","32"
"3154","14","1483","19"
"3155","64","1483","73"
"3156","30","1483","15"
"3157","62","1483","57"
"3158","93","1485","102"
"3159","99","1485","24"
"3160","62","1485","16"
"3161","83","1485","101"
"3162","64","1485","13"
"3163","57","1487","11"
"3164","34","1487","9"
"3165","76","1487","9"
"3166","99","1487","34"
"3167","99","1488","28"
"3168","64","1488","23"
"3169","14","1488","21"
"3170","83","1490","78"
"3171","99","1490","3"
"3172","82","1491","4"
"3173","93","1491","105"
"3174","83","1491","19"
"3175","42","1491","23"
"3176","90","1491","23"
"3177","22","1491","12"
"3178","1","1491","34"
"3179","57","1493","18"
"3180","82","1493","7"
"3181","1","1493","29"
"3182","44","1493","28"
"3183","99","1493","5"
"3184","30","1493","3"
"3185","62","1493","12"
"3186","42","1494","12"
"3187","27","1494","13"
"3188","99","1495","18"
"3189","57","1495","7"
"3190","42","1495","31"
"3191","64","1495","8"
"3192","34","1497","6"
"3193","62","1498","25"
"3194","34","1498","3"
"3195","42","1498","24"
"3196","64","1498","71"
"3197","34","1500","10"
"3198","3","1500","107"
"3199","27","1500","27"
"3200","1","1500","8"
"3201","62","1500","103"
"3202","22","1500","4"
"3203","30","1500","107"
"3204","62","1502","56"
"3205","14","1502","6"
"3206","90","1503","15"
"3207","93","1506","9"
"3208","22","1506","10"
"3209","1","1506","29"
"3210","83","1506","12"
"3211","64","1509","37"
"3212","93","1510","103"
"3213","1","1510","10"
"3214","30","1510","103"
"3215","82","1511","10"
"3216","83","1511","3"
"3217","30","1511","35"
"3218","34","1511","39"
"3219","42","1511","35"
"3220","14","1515","18"
"3221","34","1515","4"
"3222","42","1515","33"
"3223","64","1515","29"
"3224","3","1515","25"
"3225","57","1515","23"
"3226","93","1517","24"
"3227","76","1517","78"
"3228","1","1517","57"
"3229","57","1517","16"
"3230","99","1517","2"
"3231","34","1518","8"
"3232","27","1518","51"
"3233","90","1518","14"
"3234","82","1518","3"
"3235","62","1520","11"
"3236","42","1520","28"
"3237","82","1520","16"
"3238","64","1520","56"
"3239","3","1520","102"
"3240","44","1521","72"
"3241","30","1521","56"
"3242","76","1522","105"
"3243","90","1522","102"
"3244","62","1522","6"
"3245","27","1522","75"
"3246","1","1523","55"
"3247","42","1523","10"
"3248","44","1523","107"
"3249","83","1523","24"
"3250","82","1523","12"
"3251","93","1524","73"
"3252","64","1524","102"
"3253","99","1524","39"
"3254","44","1524","10"
"3255","14","1524","105"
"3256","42","1524","57"
"3257","82","1524","26"
"3258","30","1525","29"
"3259","42","1525","9"
"3260","22","1525","16"
"3261","64","1525","7"
"3262","83","1525","106"
"3263","57","1525","6"
"3264","22","1526","17"
"3265","27","1526","72"
"3266","76","1526","53"
"3267","83","1526","7"
"3268","82","1527","13"
"3269","27","1527","2"
"3270","64","1527","15"
"3271","34","1527","59"
"3272","99","1527","34"
"3273","1","1527","14"
"3274","30","1528","107"
"3275","99","1528","19"
"3276","90","1528","14"
"3277","93","1530","18"
"3278","64","1530","106"
"3279","99","1530","7"
"3280","1","1532","32"
"3281","42","1532","73"
"3282","30","1532","71"
"3283","44","1532","6"
"3284","3","1532","2"
"3285","64","1532","8"
"3286","57","1534","16"
"3287","14","1534","15"
"3288","90","1534","74"
"3289","1","1534","5"
"3290","99","1542","2"
"3291","14","1542","4"
"3292","57","1542","31"
"3293","3","1542","58"
"3294","1","1542","13"
"3295","90","1542","2"
"3296","44","1542","24"
"3297","3","1544","11"
"3298","99","1544","5"
"3299","1","1544","15"
"3300","14","1544","32"
"3301","14","1545","101"
"3302","3","1545","12"
"3303","1","1545","5"
"3304","82","1545","75"
"3305","93","1545","33"
"3306","34","1545","72"
"3307","64","1545","17"
"3308","27","1549","5"
"3309","90","1549","72"
"3310","14","1549","8"
"3311","1","1549","21"
"3312","62","1549","13"
"3313","30","1549","26"
"3314","64","1549","71"
"3315","44","1550","19"
"3316","34","1550","52"
"3317","14","1550","6"
"3318","90","1550","11"
"3319","82","1551","109"
"3320","30","1552","8"
"3321","99","1552","25"
"3322","34","1552","34"
"3323","83","1552","13"
"3324","93","1552","27"
"3325","1","1552","19"
"3326","3","1552","11"
"3327","82","1553","23"
"3328","76","1553","53"
"3329","27","1553","79"
"3330","99","1559","15"
"3331","3","1559","5"
"3332","76","1561","16"
"3333","57","1561","25"
"3334","62","1561","104"
"3335","82","1561","74"
"3336","99","1561","2"
"3337","83","1561","18"
"3338","22","1561","6"
"3339","22","1565","11"
"3340","62","1565","106"
"3341","76","1565","26"
"3342","64","1565","76"
"3343","30","1565","18"
"3344","83","1565","72"
"3345","1","1567","107"
"3346","30","1567","19"
"3347","22","1567","4"
"3348","44","1568","7"
"3349","93","1568","51"
"3350","27","1568","8"
"3351","64","1568","3"
"3352","44","1569","18"
"3353","64","1569","11"
"3354","62","1569","73"
"3355","27","1569","11"
"3356","22","1569","21"
"3357","90","1572","28"
"3358","42","1572","16"
"3359","62","1572","19"
"3360","64","1572","8"
"3361","83","1573","21"
"3362","99","1573","13"
"3363","93","1573","14"
"3364","64","1573","8"
"3365","82","1573","2"
"3366","1","1573","14"
"3367","93","1574","21"
"3368","90","1574","15"
"3369","22","1574","8"
"3370","14","1574","58"
"3371","3","1574","11"
"3372","82","1574","77"
"3373","42","1574","12"
"3374","30","1576","36"
"3375","82","1576","23"
"3376","90","1576","12"
"3377","93","1576","107"
"3378","99","1576","9"
"3379","57","1578","37"
"3380","64","1578","105"
"3381","34","1578","77"
"3382","99","1579","78"
"3383","14","1579","106"
"3384","27","1579","24"
"3385","1","1579","5"
"3386","76","1579","11"
"3387","3","1581","2"
"3388","44","1581","9"
"3389","82","1581","3"
"3390","93","1581","8"
"3391","90","1581","22"
"3392","30","1584","18"
"3393","44","1584","22"
"3394","3","1584","9"
"3395","76","1584","25"
"3396","62","1584","55"
"3397","27","1584","12"
"3398","34","1585","15"
"3399","1","1585","26"
"3400","27","1585","6"
"3401","93","1585","5"
"3402","83","1585","11"
"3403","42","1588","17"
"3404","76","1589","12"
"3405","93","1589","9"
"3406","90","1589","7"
"3407","22","1589","22"
"3408","30","1589","11"
"3409","83","1589","32"
"3410","57","1589","53"
"3411","1","1591","19"
"3412","42","1591","4"
"3413","82","1595","58"
"3414","22","1595","73"
"3415","83","1595","21"
"3416","42","1597","5"
"3417","14","1597","54"
"3418","82","1597","6"
"3419","44","1597","12"
"3420","57","1597","106"
"3421","93","1597","9"
"3422","90","1597","51"
"3423","34","1599","74"
"3424","30","1599","72"
"3425","27","1599","27"
"3426","99","1599","4"
"3427","22","1599","3"
"3428","62","1600","72"
"3429","82","1600","29"
"3430","42","1600","17"
"3431","14","1603","107"
"3432","27","1603","22"
"3433","34","1603","34"
"3434","90","1603","26"
"3435","42","1603","4"
"3436","22","1605","3"
"3437","93","1605","7"
"3438","1","1605","26"
"3439","27","1605","8"
"3440","90","1606","52"
"3441","27","1607","6"
"3442","44","1607","6"
"3443","30","1607","39"
"3444","93","1607","14"
"3445","83","1607","17"
"3446","62","1607","15"
"3447","42","1608","15"
"3448","3","1610","77"
"3449","22","1610","15"
"3450","93","1610","19"
"3451","90","1610","75"
"3452","30","1610","8"
"3453","99","1611","11"
"3454","44","1611","4"
"3455","22","1611","3"
"3456","76","1611","19"
"3457","83","1611","27"
"3458","64","1613","37"
"3459","30","1613","56"
"3460","99","1613","11"
"3461","42","1613","7"
"3462","34","1613","9"
"3463","83","1613","25"
"3464","27","1613","2"
"3465","22","1616","16"
"3466","64","1616","51"
"3467","83","1616","9"
"3468","62","1616","25"
"3469","1","1623","7"
"3470","42","1623","39"
"3471","30","1623","26"
"3472","22","1623","8"
"3473","83","1623","33"
"3474","62","1623","56"
"3475","93","1623","15"
"3476","34","1624","22"
"3477","90","1624","52"
"3478","76","1624","36"
"3479","62","1624","74"
"3480","1","1624","53"
"3481","90","1631","26"
"3482","64","1631","4"
"3483","1","1631","29"
"3484","76","1631","2"
"3485","14","1631","23"
"3486","83","1631","6"
"3487","34","1631","73"
"3488","27","1631","28"
"3489","57","1634","102"
"3490","64","1634","14"
"3491","27","1634","13"
"3492","62","1634","21"
"3493","14","1634","39"
"3494","99","1636","3"
"3495","34","1636","2"
"3496","27","1636","52"
"3497","3","1638","71"
"3498","83","1639","11"
"3499","76","1639","22"
"3500","14","1639","8"
"3501","64","1639","76"
"3502","44","1639","33"
"3503","34","1639","55"
"3504","44","1642","102"
"3505","90","1642","6"
"3506","14","1642","105"
"3507","1","1642","19"
"3508","62","1642","108"
"3509","27","1643","27"
"3510","44","1645","6"
"3511","1","1645","11"
"3512","99","1645","102"
"3513","14","1645","12"
"3514","64","1645","79"
"3515","3","1645","19"
"3516","30","1645","18"
"3517","83","1647","17"
"3518","42","1647","2"
"3519","14","1648","76"
"3520","99","1648","18"
"3521","62","1648","25"
"3522","64","1648","32"
"3523","93","1648","38"
"3524","76","1649","75"
"3525","42","1650","11"
"3526","1","1650","28"
"3527","27","1650","5"
"3528","30","1650","56"
"3529","34","1650","8"
"3530","57","1650","3"
"3531","99","1650","26"
"3532","3","1652","22"
"3533","1","1652","10"
"3534","62","1652","12"
"3535","30","1652","56"
"3536","64","1653","54"
"3537","83","1653","54"
"3538","27","1653","56"
"3539","62","1653","35"
"3540","34","1654","11"
"3541","14","1656","8"
"3542","34","1656","71"
"3543","27","1656","24"
"3544","57","1656","106"
"3545","93","1656","78"
"3546","62","1656","7"
"3547","3","1656","73"
"3548","42","1656","56"
"3549","34","1657","79"
"3550","64","1657","3"
"3551","27","1657","18"
"3552","90","1657","12"
"3553","99","1658","35"
"3554","76","1658","74"
"3555","1","1659","78"
"3556","83","1659","21"
"3557","44","1659","105"
"3558","82","1659","12"
"3559","3","1659","28"
"3560","57","1661","18"
"3561","1","1661","25"
"3562","90","1661","17"
"3563","93","1661","54"
"3564","93","1663","11"
"3565","3","1663","5"
"3566","44","1663","18"
"3567","99","1663","108"
"3568","14","1663","106"
"3569","82","1663","18"
"3570","44","1664","56"
"3571","42","1664","7"
"3572","3","1664","24"
"3573","30","1664","5"
"3574","30","1669","38"
"3575","34","1671","4"
"3576","93","1671","7"
"3577","1","1676","73"
"3578","27","1676","56"
"3579","42","1676","8"
"3580","34","1676","28"
"3581","90","1676","23"
"3582","14","1678","2"
"3583","83","1679","22"
"3584","30","1679","102"
"3585","27","1679","2"
"3586","64","1679","58"
"3587","76","1679","38"
"3588","14","1679","29"
"3589","57","1679","76"
"3590","62","1679","107"
"3591","99","1681","18"
"3592","83","1681","7"
"3593","27","1682","73"
"3594","90","1682","33"
"3595","83","1682","7"
"3596","22","1682","15"
"3597","93","1682","22"
"3598","3","1682","3"
"3599","76","1682","109"
"3600","30","1682","10"
"3601","93","1686","28"
"3602","64","1686","31"
"3603","99","1686","16"
"3604","62","1686","52"
"3605","76","1686","13"
"3606","22","1686","24"
"3607","42","1686","9"
"3608","1","1686","39"
"3609","93","1688","7"
"3610","3","1688","12"
"3611","83","1688","18"
"3612","30","1688","51"
"3613","93","1689","3"
"3614","22","1689","102"
"3615","14","1689","2"
"3616","1","1690","12"
"3617","44","1690","12"
"3618","14","1690","12"
"3619","22","1690","7"
"3620","44","1692","21"
"3621","14","1692","9"
"3622","76","1692","14"
"3623","93","1695","25"
"3624","1","1695","55"
"3625","99","1695","14"
"3626","83","1695","77"
"3627","93","1697","3"
"3628","83","1697","29"
"3629","14","1697","103"
"3630","30","1697","34"
"3631","90","1697","19"
"3632","90","1700","26"
"3633","30","1700","10"
"3634","22","1700","76"
"3635","3","1700","109"
"3636","93","1700","4"
"3637","90","1702","54"
"3638","76","1702","4"
"3639","83","1702","13"
"3640","34","1702","19"
"3641","14","1702","33"
"3642","82","1702","58"
"3643","22","1702","25"
"3644","64","1703","2"
"3645","42","1703","38"
"3646","30","1703","105"
"3647","62","1703","32"
"3648","90","1703","17"
"3649","44","1703","2"
"3650","57","1704","76"
"3651","22","1704","15"
"3652","14","1704","59"
"3653","3","1704","23"
"3654","82","1704","7"
"3655","99","1704","36"
"3656","27","1705","3"
"3657","34","1705","17"
"3658","14","1707","5"
"3659","76","1707","27"
"3660","99","1709","10"
"3661","22","1711","59"
"3662","34","1711","23"
"3663","90","1711","37"
"3664","14","1711","23"
"3665","42","1711","14"
"3666","44","1711","21"
"3667","57","1711","2"
"3668","3","1711","9"
"3669","83","1712","12"
"3670","30","1712","24"
"3671","27","1712","52"
"3672","90","1712","31"
"3673","99","1712","19"
"3674","44","1712","4"
"3675","3","1713","33"
"3676","27","1713","32"
"3677","76","1713","4"
"3678","34","1713","18"
"3679","99","1713","23"
"3680","90","1713","107"
"3681","1","1713","32"
"3682","30","1713","11"
"3683","83","1716","8"
"3684","76","1716","7"
"3685","30","1716","29"
"3686","27","1716","3"
"3687","3","1718","29"
"3688","42","1718","17"
"3689","90","1718","19"
"3690","27","1718","14"
"3691","22","1718","21"
"3692","27","1719","8"
"3693","34","1720","18"
"3694","44","1720","3"
"3695","30","1720","51"
"3696","14","1720","9"
"3697","76","1720","3"
"3698","90","1720","2"
"3699","30","1722","3"
"3700","3","1722","32"
"3701","90","1722","10"
"3702","62","1722","36"
"3703","1","1722","10"
"3704","22","1722","105"
"3705","82","1722","13"
"3706","90","1723","12"
"3707","64","1723","23"
"3708","44","1723","14"
"3709","93","1723","17"
"3710","42","1725","59"
"3711","82","1725","10"
"3712","64","1725","77"
"3713","14","1725","58"
"3714","76","1725","72"
"3715","27","1727","105"
"3716","62","1727","4"
"3717","90","1727","38"
"3718","82","1727","5"
"3719","42","1727","9"
"3720","83","1728","9"
"3721","76","1728","77"
"3722","82","1728","106"
"3723","44","1737","21"
"3724","83","1737","9"
"3725","14","1737","18"
"3726","93","1737","11"
"3727","3","1737","13"
"3728","82","1738","16"
"3729","90","1738","17"
"3730","64","1738","39"
"3731","14","1738","13"
"3732","44","1740","24"
"3733","34","1742","2"
"3734","76","1742","29"
"3735","22","1742","14"
"3736","62","1742","29"
"3737","64","1742","15"
"3738","64","1743","5"
"3739","57","1743","58"
"3740","14","1743","14"
"3741","30","1745","16"
"3742","44","1745","27"
"3743","64","1745","28"
"3744","22","1745","22"
"3745","76","1745","106"
"3746","1","1751","25"
"3747","57","1751","106"
"3748","30","1751","23"
"3749","93","1751","3"
"3750","90","1751","17"
"3751","42","1751","28"
"3752","82","1751","16"
"3753","64","1755","28"
"3754","62","1755","23"
"3755","83","1755","23"
"3756","22","1755","22"
"3757","3","1757","10"
"3758","82","1757","72"
"3759","93","1757","17"
"3760","57","1757","14"
"3761","64","1760","31"
"3762","1","1760","29"
"3763","57","1760","7"
"3764","83","1760","104"
"3765","90","1760","18"
"3766","34","1760","39"
"3767","30","1760","10"
"3768","42","1761","6"
"3769","76","1768","27"
"3770","1","1768","34"
"3771","83","1768","26"
"3772","14","1768","39"
"3773","3","1768","22"
"3774","30","1768","28"
"3775","22","1769","18"
"3776","76","1770","15"
"3777","34","1770","33"
"3778","44","1770","72"
"3779","30","1770","6"
"3780","99","1770","11"
"3781","57","1771","3"
"3782","42","1771","12"
"3783","62","1771","23"
"3784","83","1771","79"
"3785","76","1771","21"
"3786","64","1771","28"
"3787","99","1775","7"
"3788","14","1775","23"
"3789","42","1775","101"
"3790","22","1775","10"
"3791","3","1775","31"
"3792","27","1775","32"
"3793","99","1779","16"
"3794","82","1779","39"
"3795","27","1779","11"
"3796","44","1779","17"
"3797","42","1781","8"
"3798","27","1781","25"
"3799","90","1781","28"
"3800","30","1781","75"
"3801","3","1785","31"
"3802","76","1785","11"
"3803","62","1785","55"
"3804","30","1785","74"
"3805","93","1785","56"
"3806","44","1785","108"
"3807","82","1785","59"
"3808","64","1785","10"
"3809","3","1786","12"
"3810","22","1786","3"
"3811","83","1786","6"
"3812","82","1786","101"
"3813","93","1789","28"
"3814","83","1789","104"
"3815","34","1789","71"
"3816","27","1789","102"
"3817","83","1792","10"
"3818","3","1792","5"
"3819","34","1792","59"
"3820","27","1792","9"
"3821","99","1792","52"
"3822","57","1792","4"
"3823","90","1792","33"
"3824","64","1792","14"
"3825","14","1792","17"
"3826","83","1796","17"
"3827","99","1796","102"
"3828","64","1799","10"
"3829","3","1799","15"
"3830","76","1800","71"
"3831","44","1800","14"
"3832","34","1800","2"
"3833","83","1800","11"
"3834","42","1800","53"
"3835","14","1800","12"
"3836","62","1800","15"
"3837","90","1802","5"
"3838","76","1802","18"
"3839","44","1802","11"
"3840","30","1802","5"
"3841","30","1805","57"
"3842","42","1805","8"
"3843","57","1805","53"
"3844","64","1808","59"
"3845","27","1808","7"
"3846","93","1808","74"
"3847","1","1809","77"
"3848","30","1809","102"
"3849","14","1809","33"
"3850","62","1809","16"
"3851","3","1809","8"
"3852","99","1810","77"
"3853","93","1810","3"
"3854","42","1810","4"
"3855","34","1810","53"
"3856","82","1810","24"
"3857","57","1810","77"
"3858","64","1810","54"
"3859","30","1811","74"
"3860","22","1811","15"
"3861","82","1811","10"
"3862","99","1811","18"
"3863","30","1813","54"
"3864","57","1813","21"
"3865","93","1813","32"
"3866","42","1813","29"
"3867","22","1813","54"
"3868","27","1814","10"
"3869","1","1814","5"
"3870","14","1814","3"
"3871","76","1814","53"
"3872","93","1815","27"
"3873","90","1815","55"
"3874","34","1815","107"
"3875","3","1815","3"
"3876","76","1815","27"
"3877","99","1818","11"
"3878","57","1818","5"
"3879","1","1818","6"
"3880","76","1818","26"
"3881","93","1818","14"
"3882","57","1820","19"
"3883","22","1820","5"
"3884","83","1823","79"
"3885","64","1825","106"
"3886","34","1825","101"
"3887","62","1825","58"
"3888","90","1825","26"
"3889","57","1825","18"
"3890","62","1826","102"
"3891","44","1826","11"
"3892","99","1827","56"
"3893","57","1827","3"
"3894","76","1827","74"
"3895","22","1827","39"
"3896","82","1827","5"
"3897","62","1833","3"
"3898","76","1833","9"
"3899","44","1833","25"
"3900","57","1834","75"
"3901","64","1834","18"
"3902","27","1834","2"
"3903","14","1835","53"
"3904","42","1835","13"
"3905","34","1835","9"
"3906","62","1835","105"
"3907","30","1835","104"
"3908","44","1835","18"
"3909","34","1836","38"
"3910","30","1836","77"
"3911","42","1836","53"
"3912","1","1836","71"
"3913","64","1836","6"
"3914","76","1836","14"
"3915","44","1836","2"
"3916","42","1837","17"
"3917","27","1837","9"
"3918","30","1837","6"
"3919","3","1837","11"
"3920","30","1838","27"
"3921","3","1838","15"
"3922","76","1838","3"
"3923","34","1838","8"
"3924","62","1838","16"
"3925","93","1838","18"
"3926","27","1847","11"
"3927","34","1847","24"
"3928","76","1847","3"
"3929","42","1847","17"
"3930","90","1847","9"
"3931","64","1848","106"
"3932","82","1848","4"
"3933","99","1848","21"
"3934","57","1848","59"
"3935","90","1848","8"
"3936","34","1848","27"
"3937","3","1848","4"
"3938","22","1849","28"
"3939","27","1849","14"
"3940","34","1849","8"
"3941","14","1853","25"
"3942","27","1853","21"
"3943","22","1853","14"
"3944","83","1853","12"
"3945","3","1853","37"
"3946","42","1853","19"
"3947","76","1853","25"
"3948","34","1855","9"
"3949","14","1855","16"
"3950","30","1855","23"
"3951","64","1857","8"
"3952","3","1857","3"
"3953","82","1857","9"
"3954","1","1857","53"
"3955","76","1857","16"
"3956","99","1857","4"
"3957","64","1859","102"
"3958","93","1859","77"
"3959","82","1859","7"
"3960","3","1859","10"
"3961","90","1859","22"
"3962","27","1859","27"
"3963","22","1859","4"
"3964","64","1860","16"
"3965","82","1860","14"
"3966","90","1860","5"
"3967","76","1863","12"
"3968","99","1863","38"
"3969","93","1864","3"
"3970","57","1864","9"
"3971","83","1864","11"
"3972","76","1864","14"
"3973","62","1864","18"
"3974","62","1865","51"
"3975","76","1865","15"
"3976","42","1865","35"
"3977","99","1865","15"
"3978","64","1865","7"
"3979","44","1865","55"
"3980","90","1865","56"
"3981","44","1869","12"
"3982","1","1869","38"
"3983","14","1869","54"
"3984","64","1869","8"
"3985","27","1870","13"
"3986","62","1870","25"
"3987","57","1870","54"
"3988","1","1870","32"
"3989","64","1870","21"
"3990","57","1871","52"
"3991","1","1871","36"
"3992","14","1871","13"
"3993","99","1871","72"
"3994","30","1871","24"
"3995","76","1872","13"
"3996","83","1872","2"
"3997","27","1872","19"
"3998","42","1872","6"
"3999","30","1872","15"
"4000","1","1872","21"
"4001","90","1872","2"
"4002","3","1874","9"
"4003","83","1874","103"
"4004","99","1874","13"
"4005","83","1875","14"
"4006","93","1876","54"
"4007","90","1876","21"
"4008","27","1876","106"
"4009","76","1876","8"
"4010","99","1876","71"
"4011","3","1876","21"
"4012","44","1878","108"
"4013","42","1878","9"
"4014","27","1878","34"
"4015","93","1878","79"
"4016","22","1878","11"
"4017","62","1881","7"
"4018","30","1881","4"
"4019","3","1881","78"
"4020","22","1881","77"
"4021","1","1881","4"
"4022","90","1882","52"
"4023","82","1882","19"
"4024","34","1882","13"
"4025","99","1882","17"
"4026","83","1882","25"
"4027","44","1882","17"
"4028","30","1886","11"
"4029","3","1886","76"
"4030","83","1886","9"
"4031","1","1886","14"
"4032","30","1894","78"
"4033","99","1894","6"
"4034","62","1894","7"
"4035","76","1894","5"
"4036","90","1894","6"
"4037","27","1898","54"
"4038","22","1898","6"
"4039","64","1898","24"
"4040","34","1898","27"
"4041","3","1900","13"
"4042","90","1900","3"
"4043","64","1900","18"
"4044","62","1900","105"
"4045","76","1901","6"
"4046","3","1901","103"
"4047","34","1901","12"
"4048","82","1902","55"
"4049","3","1903","37"
"4050","93","1903","5"
"4051","64","1903","72"
"4052","14","1903","21"
"4053","57","1903","5"
"4054","42","1903","22"
"4055","90","1906","34"
"4056","44","1906","21"
"4057","62","1906","59"
"4058","99","1906","38"
"4059","83","1908","26"
"4060","3","1908","52"
"4061","93","1908","55"
"4062","22","1909","13"
"4063","42","1909","23"
"4064","30","1913","56"
"4065","82","1913","104"
"4066","27","1913","28"
"4067","82","1915","17"
"4068","90","1915","8"
"4069","62","1915","7"
"4070","90","1918","13"
"4071","76","1918","109"
"4072","62","1918","8"
"4073","30","1918","56"
"4074","93","1918","11"
"4075","27","1921","18"
"4076","99","1921","9"
"4077","30","1926","106"
"4078","99","1926","71"
"4079","90","1926","14"
"4080","42","1927","9"
"4081","93","1927","105"
"4082","90","1927","3"
"4083","83","1927","56"
"4084","62","1927","76"
"4085","14","1927","108"
"4086","76","1927","12"
"4087","44","1927","35"
"4088","99","1929","17"
"4089","27","1929","17"
"4090","99","1935","37"
"4091","1","1935","28"
"4092","44","1935","12"
"4093","30","1935","104"
"4094","22","1935","4"
"4095","64","1935","39"
"4096","76","1935","28"
"4097","64","1937","2"
"4098","14","1937","13"
"4099","44","1937","7"
"4100","90","1940","4"
"4101","42","1942","19"
"4102","57","1942","11"
"4103","14","1942","24"
"4104","1","1942","7"
"4105","93","1942","21"
"4106","82","1942","74"
"4107","76","1942","10"
"4108","62","1944","76"
"4109","27","1944","22"
"4110","82","1944","23"
"4111","1","1944","2"
"4112","3","1944","18"
"4113","30","1944","55"
"4114","14","1945","102"
"4115","30","1945","108"
"4116","3","1945","2"
"4117","22","1947","24"
"4118","27","1947","7"
"4119","30","1947","2"
"4120","14","1947","76"
"4121","76","1947","16"
"4122","3","1947","8"
"4123","93","1947","10"
"4124","3","1950","53"
"4125","30","1950","24"
"4126","82","1950","15"
"4127","27","1950","12"
"4128","14","1950","35"
"4129","44","1950","5"
"4130","90","1950","7"
"4131","62","1952","16"
"4132","57","1952","17"
"4133","83","1952","27"
"4134","1","1952","7"
"4135","76","1956","9"
"4136","3","1956","109"
"4137","42","1956","38"
"4138","64","1956","28"
"4139","57","1958","8"
"4140","93","1958","79"
"4141","30","1958","17"
"4142","14","1958","5"
"4143","82","1958","3"
"4144","42","1958","19"
"4145","1","1958","8"
"4146","82","1962","105"
"4147","27","1962","107"
"4148","90","1962","18"
"4149","34","1962","4"
"4150","14","1962","18"
"4151","57","1962","18"
"4152","22","1962","15"
"4153","34","1963","4"
"4154","42","1963","38"
"4155","90","1963","14"
"4156","76","1963","73"
"4157","3","1963","5"
"4158","30","1963","58"
"4159","30","1965","16"
"4160","90","1965","3"
"4161","34","1967","104"
"4162","3","1967","26"
"4163","93","1967","77"
"4164","1","1967","51"
"4165","57","1967","28"
"4166","30","1967","59"
"4167","82","1967","16"
"4168","27","1971","107"
"4169","57","1971","7"
"4170","64","1971","22"
"4171","83","1971","18"
"4172","93","1971","4"
"4173","14","1971","33"
"4174","1","1972","75"
"4175","93","1972","52"
"4176","57","1972","25"
"4177","14","1972","18"
"4178","44","1972","12"
"4179","90","1974","76"
"4180","22","1974","58"
"4181","64","1974","16"
"4182","34","1974","36"
"4183","42","1979","11"
"4184","30","1979","72"
"4185","34","1979","76"
"4186","14","1979","14"
"4187","64","1979","102"
"4188","99","1979","37"
"4189","99","1980","14"
"4190","42","1980","2"
"4191","44","1980","24"
"4192","64","1983","10"
"4193","90","1983","21"
"4194","27","1985","102"
"4195","22","1985","18"
"4196","83","1985","7"
"4197","76","1985","26"
"4198","62","1985","15"
"4199","14","1985","108"
"4200","30","1985","15"
"4201","1","1986","6"
"4202","22","1989","17"
"4203","76","1989","16"
"4204","64","1989","10"
"4205","57","1991","3"
"4206","3","1991","29"
"4207","82","1991","19"
"4208","90","1991","75"
"4209","44","1992","73"
"4210","82","1992","5"
"4211","34","1992","8"
"4212","27","1992","7"
"4213","64","1992","4"
"4214","57","1994","13"
"4215","1","1994","13"
"4216","22","1994","6"
"4217","83","1994","74"
"4218","1","1995","3"
"4219","62","1995","55"
"4220","57","1995","101"
"4221","34","1995","23"
"4222","42","1995","4"
"4223","99","1995","29"
"4224","82","1995","19"
"4225","14","1996","4"
"4226","76","1996","12"
"4227","3","1996","15"
"4228","42","1996","101"
"4229","27","1996","8"
"4230","44","1996","12"
"4231","30","1997","37"
"4232","83","1997","23"
"4233","82","1997","9"
"4234","34","1997","21"
"4235","62","1997","109"
"4236","14","1997","53"
"4237","76","1999","27"
"4238","64","1999","108"
"4239","62","1999","6"
"4240","83","1999","15"
"4241","57","1999","3"
"4242","22","1999","14"
"4243","99","1999","14"
"4244","82","1999","18"
