"0","28","2","57"
"1","0","2","28"
"2","86","2","16"
"3","32","2","19"
"4","47","2","34"
"5","85","2","17"
"6","49","6","19"
"7","85","6","10"
"8","89","6","3"
"9","28","8","106"
"10","21","14","18"
"11","86","14","109"
"12","19","14","11"
"13","28","17","53"
"14","49","17","109"
"15","1","17","17"
"16","2","18","102"
"17","19","18","5"
"18","98","18","6"
"19","89","18","102"
"20","49","18","14"
"21","1","18","16"
"22","23","18","10"
"23","49","20","6"
"24","98","23","7"
"25","23","23","18"
"26","26","23","76"
"27","30","23","55"
"28","47","23","103"
"29","1","23","101"
"30","88","24","9"
"31","49","24","10"
"32","21","24","33"
"33","98","24","22"
"34","19","24","101"
"35","26","24","109"
"36","0","25","102"
"37","23","25","12"
"38","2","25","39"
"39","89","25","59"
"40","88","31","22"
"41","26","31","52"
"42","86","31","5"
"43","47","31","16"
"44","76","31","10"
"45","28","31","7"
"46","76","35","104"
"47","93","35","55"
"48","81","35","29"
"49","85","35","26"
"50","89","35","25"
"51","47","35","16"
"52","98","35","35"
"53","21","35","27"
"54","88","35","14"
"55","44","36","79"
"56","32","36","71"
"57","87","36","14"
"58","23","36","2"
"59","81","36","109"
"60","88","36","23"
"61","86","36","11"
"62","28","38","7"
"63","0","38","2"
"64","87","38","15"
"65","23","39","15"
"66","32","39","12"
"67","85","39","29"
"68","89","39","5"
"69","19","39","12"
"70","1","39","5"
"71","28","39","4"
"72","26","39","27"
"73","86","39","13"
"74","21","40","17"
"75","28","40","11"
"76","81","42","17"
"77","85","42","33"
"78","32","42","22"
"79","1","42","18"
"80","21","42","72"
"81","30","42","54"
"82","23","42","19"
"83","98","43","24"
"84","30","43","109"
"85","19","43","15"
"86","28","43","107"
"87","76","44","13"
"88","93","44","22"
"89","19","44","26"
"90","85","44","2"
"91","0","44","17"
"92","26","44","109"
"93","30","46","11"
"94","0","46","108"
"95","44","46","17"
"96","88","46","9"
"97","23","46","16"
"98","76","46","58"
"99","21","46","24"
"100","89","49","4"
"101","81","49","76"
"102","28","49","19"
"103","32","49","6"
"104","88","49","22"
"105","89","52","7"
"106","28","52","3"
"107","21","52","77"
"108","87","52","15"
"109","85","52","59"
"110","30","52","73"
"111","26","52","4"
"112","93","52","28"
"113","23","52","18"
"114","93","54","57"
"115","88","54","76"
"116","21","54","57"
"117","44","54","16"
"118","30","54","25"
"119","32","54","4"
"120","98","55","37"
"121","2","55","12"
"122","98","58","79"
"123","81","58","32"
"124","1","58","13"
"125","87","58","24"
"126","19","58","32"
"127","0","58","10"
"128","2","58","12"
"129","86","59","17"
"130","87","59","51"
"131","30","59","12"
"132","1","59","16"
"133","21","59","27"
"134","85","59","54"
"135","44","59","5"
"136","89","59","14"
"137","0","61","35"
"138","23","61","56"
"139","81","62","7"
"140","89","62","19"
"141","32","62","15"
"142","19","62","71"
"143","1","63","78"
"144","76","66","103"
"145","86","66","17"
"146","1","66","23"
"147","81","69","12"
"148","23","69","10"
"149","44","69","2"
"150","85","69","25"
"151","23","70","2"
"152","85","70","15"
"153","89","70","28"
"154","47","70","6"
"155","76","70","19"
"156","81","70","109"
"157","98","70","5"
"158","93","70","8"
"159","87","72","10"
"160","44","72","6"
"161","23","72","29"
"162","32","74","9"
"163","47","74","51"
"164","26","74","7"
"165","19","74","25"
"166","98","76","7"
"167","98","80","75"
"168","88","80","59"
"169","85","80","14"
"170","89","85","109"
"171","81","86","22"
"172","19","86","73"
"173","81","88","109"
"174","85","88","3"
"175","32","88","9"
"176","0","88","11"
"177","89","88","14"
"178","28","88","10"
"179","21","88","21"
"180","32","89","15"
"181","49","89","27"
"182","28","90","5"
"183","21","90","22"
"184","2","90","6"
"185","76","90","19"
"186","30","90","8"
"187","98","90","18"
"188","32","90","9"
"189","93","94","19"
"190","2","94","25"
"191","23","94","11"
"192","89","94","53"
"193","1","96","13"
"194","49","96","73"
"195","2","96","3"
"196","89","96","2"
"197","0","96","58"
"198","86","99","104"
"199","49","99","2"
"200","88","99","19"
"201","44","99","28"
"202","93","100","21"
"203","98","101","8"
"204","49","101","71"
"205","19","101","22"
"206","85","101","7"
"207","88","101","77"
"208","86","102","23"
"209","87","102","38"
"210","88","105","25"
"211","76","105","36"
"212","85","105","27"
"213","93","105","18"
"214","0","105","58"
"215","87","105","9"
"216","89","105","56"
"217","26","106","12"
"218","49","106","101"
"219","85","106","26"
"220","19","110","105"
"221","86","110","23"
"222","19","111","13"
"223","85","111","11"
"224","93","115","10"
"225","1","115","16"
"226","76","115","15"
"227","28","115","10"
"228","87","115","17"
"229","32","115","14"
"230","19","115","102"
"231","21","117","4"
"232","26","117","2"
"233","44","121","22"
"234","2","121","29"
"235","1","121","11"
"236","28","122","18"
"237","87","122","8"
"238","26","122","11"
"239","81","122","21"
"240","47","122","38"
"241","88","127","6"
"242","19","127","76"
"243","76","127","102"
"244","89","128","18"
"245","2","128","14"
"246","28","128","59"
"247","87","128","104"
"248","0","129","3"
"249","26","131","10"
"250","19","131","79"
"251","44","131","16"
"252","28","131","25"
"253","88","131","26"
"254","85","131","32"
"255","98","131","15"
"256","19","134","4"
"257","87","134","15"
"258","21","134","28"
"259","47","134","4"
"260","88","134","28"
"261","28","134","25"
"262","89","134","35"
"263","76","134","36"
"264","1","134","16"
"265","26","135","102"
"266","76","135","29"
"267","19","135","19"
"268","2","135","9"
"269","30","135","11"
"270","89","135","54"
"271","87","135","31"
"272","88","139","19"
"273","30","139","73"
"274","89","139","19"
"275","49","139","32"
"276","32","139","51"
"277","19","139","59"
"278","26","139","5"
"279","86","139","22"
"280","49","140","23"
"281","1","140","27"
"282","2","140","6"
"283","28","141","7"
"284","76","141","12"
"285","19","141","13"
"286","30","141","35"
"287","30","142","54"
"288","21","142","57"
"289","76","142","17"
"290","87","142","17"
"291","26","142","107"
"292","86","142","58"
"293","23","142","16"
"294","30","144","59"
"295","19","144","8"
"296","89","144","52"
"297","2","144","58"
"298","1","145","25"
"299","23","145","51"
"300","89","145","39"
"301","19","148","38"
"302","86","148","18"
"303","98","148","21"
"304","81","148","3"
"305","47","148","23"
"306","21","148","15"
"307","26","148","53"
"308","85","149","56"
"309","28","149","3"
"310","26","150","28"
"311","85","150","21"
"312","44","150","104"
"313","47","150","25"
"314","28","150","104"
"315","28","151","4"
"316","76","151","4"
"317","49","151","104"
"318","44","151","34"
"319","88","162","12"
"320","93","162","10"
"321","28","162","77"
"322","89","162","8"
"323","19","162","17"
"324","23","164","8"
"325","49","164","15"
"326","98","164","14"
"327","88","164","9"
"328","44","164","9"
"329","21","164","18"
"330","47","164","15"
"331","86","164","74"
"332","93","165","79"
"333","1","166","8"
"334","76","167","10"
"335","98","167","16"
"336","23","167","15"
"337","21","167","26"
"338","93","167","106"
"339","19","167","56"
"340","86","167","103"
"341","86","172","7"
"342","98","172","6"
"343","81","173","54"
"344","19","173","3"
"345","0","173","102"
"346","87","173","25"
"347","19","175","4"
"348","86","175","59"
"349","98","177","105"
"350","2","177","15"
"351","23","177","23"
"352","49","177","28"
"353","19","177","13"
"354","30","177","101"
"355","88","177","36"
"356","87","177","29"
"357","85","178","101"
"358","47","179","14"
"359","44","179","39"
"360","49","179","12"
"361","49","182","4"
"362","76","182","19"
"363","87","182","34"
"364","81","182","5"
"365","86","182","31"
"366","81","183","105"
"367","86","183","15"
"368","21","185","18"
"369","30","185","17"
"370","1","190","29"
"371","87","190","13"
"372","85","190","22"
"373","30","190","3"
"374","2","190","15"
"375","98","190","78"
"376","81","190","23"
"377","26","190","18"
"378","93","191","31"
"379","81","191","15"
"380","47","191","29"
"381","2","191","17"
"382","1","196","25"
"383","87","197","8"
"384","19","197","8"
"385","21","197","79"
"386","85","197","102"
"387","47","198","56"
"388","2","201","13"
"389","49","201","7"
"390","1","201","76"
"391","87","201","24"
"392","30","201","34"
"393","47","203","27"
"394","89","203","12"
"395","76","203","19"
"396","86","203","6"
"397","26","203","12"
"398","44","203","4"
"399","88","203","17"
"400","87","205","17"
"401","76","205","2"
"402","47","209","4"
"403","93","209","104"
"404","49","209","8"
"405","26","209","6"
"406","32","210","27"
"407","21","212","13"
"408","2","212","73"
"409","28","212","12"
"410","44","215","31"
"411","21","215","3"
"412","47","215","7"
"413","87","215","4"
"414","1","215","13"
"415","19","215","9"
"416","28","215","26"
"417","1","217","5"
"418","28","217","18"
"419","88","218","75"
"420","88","221","8"
"421","85","221","3"
"422","30","221","33"
"423","88","222","7"
"424","81","224","18"
"425","28","224","32"
"426","49","224","4"
"427","93","224","104"
"428","93","227","5"
"429","86","227","26"
"430","32","227","18"
"431","21","229","2"
"432","88","229","12"
"433","30","229","5"
"434","23","229","21"
"435","1","229","3"
"436","47","229","58"
"437","98","230","57"
"438","87","230","11"
"439","49","230","26"
"440","23","230","27"
"441","2","230","18"
"442","1","230","6"
"443","89","230","71"
"444","49","231","18"
"445","19","231","77"
"446","2","231","23"
"447","85","231","102"
"448","76","231","3"
"449","47","231","57"
"450","81","231","16"
"451","1","231","17"
"452","76","235","11"
"453","44","235","19"
"454","89","235","3"
"455","88","235","38"
"456","1","235","9"
"457","32","235","19"
"458","86","237","104"
"459","32","237","75"
"460","85","237","12"
"461","21","237","6"
"462","87","241","54"
"463","23","241","19"
"464","30","241","13"
"465","86","241","36"
"466","21","241","22"
"467","85","241","9"
"468","98","241","14"
"469","89","242","31"
"470","2","242","77"
"471","87","242","16"
"472","98","242","3"
"473","88","242","11"
"474","26","244","59"
"475","44","245","12"
"476","19","245","2"
"477","86","245","5"
"478","2","246","71"
"479","76","246","23"
"480","87","248","9"
"481","23","248","52"
"482","26","251","21"
"483","32","251","11"
"484","88","252","34"
"485","49","252","109"
"486","1","252","21"
"487","85","252","15"
"488","2","252","29"
"489","23","252","77"
"490","89","256","29"
"491","98","256","7"
"492","28","256","3"
"493","81","256","9"
"494","49","256","10"
"495","21","256","17"
"496","30","257","2"
"497","89","257","21"
"498","2","257","13"
"499","26","257","78"
"500","85","260","29"
"501","86","260","5"
"502","2","260","19"
"503","81","260","14"
"504","1","260","56"
"505","26","260","16"
"506","89","263","22"
"507","81","263","7"
"508","98","263","8"
"509","88","263","27"
"510","19","263","106"
"511","93","265","17"
"512","47","265","78"
"513","30","265","102"
"514","28","265","107"
"515","1","265","31"
"516","89","266","79"
"517","23","266","9"
"518","26","266","11"
"519","2","266","14"
"520","19","266","14"
"521","28","273","54"
"522","23","273","6"
"523","32","274","17"
"524","30","274","9"
"525","49","274","79"
"526","21","274","11"
"527","44","274","7"
"528","98","274","13"
"529","89","274","9"
"530","76","275","8"
"531","1","275","12"
"532","47","275","9"
"533","81","275","12"
"534","47","279","33"
"535","19","279","108"
"536","26","280","10"
"537","88","281","54"
"538","98","281","26"
"539","2","281","78"
"540","87","281","27"
"541","81","281","55"
"542","1","281","27"
"543","86","281","21"
"544","93","282","6"
"545","26","282","11"
"546","21","282","23"
"547","87","282","7"
"548","47","286","3"
"549","23","286","36"
"550","88","286","6"
"551","76","286","16"
"552","89","286","35"
"553","81","286","5"
"554","28","286","14"
"555","30","287","79"
"556","47","287","19"
"557","87","287","24"
"558","32","287","18"
"559","21","287","108"
"560","89","287","18"
"561","23","289","72"
"562","1","292","16"
"563","26","292","8"
"564","30","292","53"
"565","87","292","28"
"566","19","292","23"
"567","2","292","7"
"568","89","292","78"
"569","23","296","103"
"570","26","298","103"
"571","47","298","107"
"572","19","298","28"
"573","26","301","2"
"574","2","301","12"
"575","30","301","14"
"576","47","301","33"
"577","98","301","22"
"578","30","302","4"
"579","19","302","10"
"580","26","302","4"
"581","23","302","14"
"582","87","302","11"
"583","76","302","73"
"584","98","302","35"
"585","76","309","6"
"586","44","309","7"
"587","87","309","58"
"588","23","309","17"
"589","98","311","19"
"590","26","311","54"
"591","47","311","23"
"592","88","311","106"
"593","81","311","5"
"594","89","311","31"
"595","19","311","57"
"596","76","312","21"
"597","28","312","9"
"598","98","312","79"
"599","1","312","106"
"600","23","312","2"
"601","47","314","23"
"602","98","314","11"
"603","28","314","26"
"604","81","314","24"
"605","87","314","26"
"606","93","314","5"
"607","88","314","4"
"608","49","314","5"
"609","87","316","11"
"610","19","317","25"
"611","1","317","11"
"612","44","317","3"
"613","86","317","10"
"614","81","321","14"
"615","26","321","8"
"616","23","321","23"
"617","89","321","6"
"618","1","321","29"
"619","19","321","17"
"620","88","321","3"
"621","85","323","8"
"622","89","323","6"
"623","2","325","33"
"624","23","325","14"
"625","93","325","4"
"626","89","325","79"
"627","26","325","58"
"628","44","327","5"
"629","88","327","4"
"630","85","327","13"
"631","28","327","6"
"632","76","328","5"
"633","30","328","27"
"634","21","328","12"
"635","98","328","6"
"636","19","328","107"
"637","93","328","24"
"638","28","330","10"
"639","86","330","17"
"640","87","330","39"
"641","44","330","19"
"642","47","330","8"
"643","85","331","5"
"644","21","331","9"
"645","28","331","13"
"646","98","331","75"
"647","89","331","23"
"648","21","332","12"
"649","1","332","15"
"650","89","332","16"
"651","76","332","9"
"652","2","332","74"
"653","44","332","27"
"654","1","333","11"
"655","19","333","9"
"656","98","333","8"
"657","81","333","51"
"658","2","333","10"
"659","28","333","27"
"660","21","333","28"
"661","89","333","3"
"662","26","334","3"
"663","1","334","8"
"664","49","334","2"
"665","89","334","18"
"666","88","334","108"
"667","2","335","24"
"668","47","335","10"
"669","88","335","17"
"670","44","335","107"
"671","1","337","6"
"672","32","337","31"
"673","44","337","10"
"674","49","337","4"
"675","98","340","17"
"676","89","340","27"
"677","30","340","3"
"678","76","340","27"
"679","88","343","10"
"680","47","343","23"
"681","2","343","10"
"682","76","343","8"
"683","28","343","14"
"684","1","343","108"
"685","23","343","13"
"686","87","344","6"
"687","1","344","75"
"688","81","344","5"
"689","76","344","25"
"690","23","344","14"
"691","30","344","16"
"692","21","344","73"
"693","28","345","3"
"694","86","345","13"
"695","44","348","39"
"696","81","348","15"
"697","76","348","71"
"698","19","350","33"
"699","89","350","71"
"700","93","350","7"
"701","76","352","106"
"702","32","352","9"
"703","49","355","16"
"704","44","355","29"
"705","26","355","56"
"706","47","355","54"
"707","88","355","9"
"708","23","355","12"
"709","2","355","7"
"710","19","355","21"
"711","89","359","55"
"712","88","359","2"
"713","86","359","9"
"714","93","362","23"
"715","81","362","12"
"716","86","364","105"
"717","30","364","4"
"718","87","364","24"
"719","21","364","71"
"720","89","366","21"
"721","86","366","33"
"722","87","366","4"
"723","49","366","23"
"724","93","367","22"
"725","85","367","19"
"726","47","367","19"
"727","1","367","59"
"728","87","367","26"
"729","28","367","51"
"730","81","367","58"
"731","76","368","59"
"732","23","368","19"
"733","26","368","55"
"734","89","368","15"
"735","28","368","27"
"736","1","368","18"
"737","19","371","54"
"738","21","371","108"
"739","32","371","56"
"740","85","371","11"
"741","47","371","19"
"742","86","371","53"
"743","26","371","10"
"744","1","371","73"
"745","89","372","15"
"746","32","372","6"
"747","44","372","18"
"748","30","372","17"
"749","85","375","32"
"750","76","377","17"
"751","23","377","31"
"752","49","377","28"
"753","30","378","4"
"754","21","378","11"
"755","44","381","17"
"756","21","381","23"
"757","49","383","5"
"758","1","383","8"
"759","93","383","4"
"760","32","384","78"
"761","23","384","33"
"762","21","384","12"
"763","49","384","105"
"764","76","384","75"
"765","88","384","6"
"766","30","384","29"
"767","44","384","9"
"768","2","385","19"
"769","87","385","12"
"770","85","385","7"
"771","86","385","26"
"772","1","385","19"
"773","30","385","27"
"774","32","386","31"
"775","86","386","3"
"776","21","390","27"
"777","88","390","27"
"778","44","390","37"
"779","81","390","11"
"780","28","390","9"
"781","76","390","14"
"782","1","390","16"
"783","93","392","27"
"784","47","392","18"
"785","49","392","74"
"786","19","392","14"
"787","89","392","15"
"788","88","392","108"
"789","1","392","14"
"790","2","396","5"
"791","19","396","2"
"792","76","396","12"
"793","81","397","2"
"794","89","397","17"
"795","26","397","106"
"796","76","397","58"
"797","81","398","9"
"798","85","398","18"
"799","47","398","33"
"800","98","398","15"
"801","86","398","19"
"802","89","398","2"
"803","44","398","52"
"804","98","399","102"
"805","30","399","7"
"806","86","399","16"
"807","49","399","39"
"808","89","399","2"
"809","87","399","4"
"810","93","399","102"
"811","98","400","54"
"812","85","400","16"
"813","2","400","18"
"814","47","401","7"
"815","85","401","29"
"816","2","401","16"
"817","89","401","6"
"818","26","401","15"
"819","93","401","9"
"820","88","401","5"
"821","1","401","24"
"822","89","404","4"
"823","93","404","17"
"824","44","404","25"
"825","47","404","27"
"826","21","404","12"
"827","23","404","4"
"828","26","404","8"
"829","85","404","11"
"830","23","406","26"
"831","81","407","17"
"832","26","407","6"
"833","87","407","28"
"834","49","407","37"
"835","88","407","73"
"836","49","409","9"
"837","93","409","21"
"838","87","410","24"
"839","49","410","15"
"840","2","410","107"
"841","47","410","11"
"842","89","411","29"
"843","98","411","108"
"844","93","411","23"
"845","47","412","11"
"846","81","412","21"
"847","88","412","3"
"848","19","412","78"
"849","26","412","7"
"850","1","418","6"
"851","21","419","53"
"852","85","419","16"
"853","2","419","18"
"854","87","419","26"
"855","76","419","24"
"856","30","420","10"
"857","2","420","4"
"858","87","420","15"
"859","26","421","22"
"860","93","421","5"
"861","89","421","27"
"862","21","421","25"
"863","76","421","57"
"864","1","421","9"
"865","19","423","25"
"866","21","423","17"
"867","88","426","17"
"868","26","426","18"
"869","88","427","53"
"870","47","427","22"
"871","23","427","7"
"872","28","427","109"
"873","26","427","9"
"874","86","430","103"
"875","49","430","5"
"876","88","430","71"
"877","76","430","10"
"878","21","430","12"
"879","1","430","102"
"880","85","430","11"
"881","86","433","54"
"882","88","433","35"
"883","23","433","29"
"884","1","433","8"
"885","23","435","16"
"886","47","435","37"
"887","98","435","5"
"888","88","437","56"
"889","44","437","18"
"890","47","437","17"
"891","19","437","3"
"892","47","438","39"
"893","21","438","22"
"894","44","438","72"
"895","85","438","74"
"896","93","438","35"
"897","89","440","59"
"898","93","440","35"
"899","98","440","9"
"900","30","440","105"
"901","2","441","9"
"902","49","441","108"
"903","30","443","35"
"904","1","443","25"
"905","89","443","21"
"906","2","443","10"
"907","47","443","13"
"908","32","443","101"
"909","19","443","21"
"910","21","444","21"
"911","30","447","23"
"912","32","447","24"
"913","44","447","18"
"914","76","447","58"
"915","1","448","34"
"916","32","448","10"
"917","88","448","26"
"918","26","448","73"
"919","44","448","7"
"920","81","449","78"
"921","93","449","28"
"922","28","449","32"
"923","85","450","14"
"924","86","450","28"
"925","98","450","11"
"926","85","451","15"
"927","28","451","31"
"928","19","451","19"
"929","23","451","15"
"930","32","451","13"
"931","76","457","19"
"932","23","457","25"
"933","26","457","9"
"934","47","458","9"
"935","85","458","10"
"936","19","458","16"
"937","32","458","38"
"938","98","458","9"
"939","88","458","59"
"940","1","458","9"
"941","81","458","7"
"942","85","460","59"
"943","23","460","6"
"944","87","460","14"
"945","19","460","16"
"946","21","460","15"
"947","98","460","29"
"948","86","460","36"
"949","88","468","21"
"950","21","468","23"
"951","81","468","74"
"952","93","468","28"
"953","86","468","18"
"954","47","468","104"
"955","19","468","7"
"956","32","468","102"
"957","98","470","17"
"958","23","470","3"
"959","88","470","16"
"960","1","470","15"
"961","26","470","15"
"962","93","470","74"
"963","88","472","7"
"964","87","472","3"
"965","49","472","16"
"966","30","472","6"
"967","23","473","19"
"968","87","473","56"
"969","86","473","27"
"970","32","473","2"
"971","93","473","25"
"972","19","473","21"
"973","76","473","4"
"974","28","473","12"
"975","44","475","6"
"976","88","475","10"
"977","85","475","16"
"978","86","477","6"
"979","85","477","79"
"980","32","477","18"
"981","2","477","19"
"982","76","477","37"
"983","81","477","5"
"984","2","482","106"
"985","23","482","57"
"986","88","482","8"
"987","87","482","53"
"988","32","482","12"
"989","81","482","23"
"990","93","482","107"
"991","76","483","17"
"992","49","483","14"
"993","28","483","13"
"994","26","483","15"
"995","1","483","75"
"996","87","485","11"
"997","85","485","34"
"998","2","485","15"
"999","93","485","23"
"1000","32","485","53"
"1001","76","488","77"
"1002","21","488","38"
"1003","30","488","35"
"1004","81","491","10"
"1005","76","491","56"
"1006","89","491","6"
"1007","2","492","72"
"1008","30","492","9"
"1009","23","492","10"
"1010","88","492","14"
"1011","98","492","33"
"1012","28","494","19"
"1013","47","494","15"
"1014","89","494","16"
"1015","87","494","17"
"1016","21","494","7"
"1017","23","494","23"
"1018","26","496","108"
"1019","1","496","3"
"1020","89","496","35"
"1021","81","496","108"
"1022","86","496","17"
"1023","93","497","5"
"1024","81","500","71"
"1025","85","500","24"
"1026","23","500","15"
"1027","89","500","72"
"1028","26","500","5"
"1029","93","500","8"
"1030","32","501","25"
"1031","30","502","102"
"1032","86","502","34"
"1033","23","502","108"
"1034","89","507","16"
"1035","26","507","13"
"1036","30","507","18"
"1037","44","510","19"
"1038","98","510","17"
"1039","19","512","19"
"1040","81","512","12"
"1041","1","512","10"
"1042","87","512","21"
"1043","28","512","21"
"1044","81","517","104"
"1045","28","517","74"
"1046","93","517","8"
"1047","88","517","28"
"1048","89","518","35"
"1049","44","518","24"
"1050","86","518","16"
"1051","2","518","54"
"1052","23","518","106"
"1053","88","518","4"
"1054","49","518","13"
"1055","76","520","6"
"1056","49","520","35"
"1057","81","520","107"
"1058","23","521","35"
"1059","32","521","36"
"1060","47","521","18"
"1061","28","525","52"
"1062","26","527","58"
"1063","85","527","4"
"1064","76","527","29"
"1065","47","527","103"
"1066","32","527","12"
"1067","19","527","23"
"1068","30","528","11"
"1069","28","528","22"
"1070","44","528","29"
"1071","44","529","79"
"1072","23","529","10"
"1073","76","529","17"
"1074","93","529","16"
"1075","28","529","35"
"1076","1","529","58"
"1077","32","533","7"
"1078","1","534","21"
"1079","88","534","31"
"1080","30","534","2"
"1081","21","534","52"
"1082","93","534","23"
"1083","32","534","13"
"1084","26","537","77"
"1085","88","537","29"
"1086","47","537","19"
"1087","76","537","25"
"1088","47","538","19"
"1089","1","538","27"
"1090","30","538","15"
"1091","98","538","16"
"1092","93","538","10"
"1093","19","538","58"
"1094","1","539","6"
"1095","30","539","57"
"1096","89","539","23"
"1097","85","539","34"
"1098","76","540","6"
"1099","28","540","7"
"1100","85","540","22"
"1101","32","540","73"
"1102","1","541","18"
"1103","88","541","17"
"1104","28","541","37"
"1105","89","541","74"
"1106","23","541","79"
"1107","23","542","25"
"1108","21","542","78"
"1109","76","542","51"
"1110","89","546","11"
"1111","1","546","21"
"1112","85","546","4"
"1113","87","546","8"
"1114","76","547","101"
"1115","98","547","27"
"1116","88","547","27"
"1117","44","547","3"
"1118","85","547","54"
"1119","19","547","24"
"1120","1","548","39"
"1121","26","548","53"
"1122","93","548","23"
"1123","93","549","9"
"1124","85","550","29"
"1125","23","550","28"
"1126","98","550","21"
"1127","19","550","9"
"1128","26","551","74"
"1129","98","551","36"
"1130","86","551","79"
"1131","93","553","52"
"1132","32","553","58"
"1133","87","553","29"
"1134","28","553","39"
"1135","49","553","10"
"1136","98","553","2"
"1137","85","556","37"
"1138","86","558","74"
"1139","49","558","26"
"1140","93","558","58"
"1141","30","558","52"
"1142","26","558","9"
"1143","98","558","79"
"1144","88","560","6"
"1145","1","560","18"
"1146","23","560","58"
"1147","49","560","58"
"1148","98","560","14"
"1149","89","560","25"
"1150","44","560","104"
"1151","93","560","15"
"1152","87","561","26"
"1153","19","561","13"
"1154","85","561","52"
"1155","81","561","108"
"1156","76","567","27"
"1157","30","567","101"
"1158","93","567","37"
"1159","49","567","4"
"1160","23","567","36"
"1161","21","568","59"
"1162","93","568","2"
"1163","30","568","12"
"1164","87","568","8"
"1165","28","568","72"
"1166","19","568","16"
"1167","76","568","33"
"1168","32","570","6"
"1169","81","570","74"
"1170","87","571","5"
"1171","81","572","28"
"1172","49","572","18"
"1173","87","572","19"
"1174","44","572","36"
"1175","32","572","25"
"1176","47","572","17"
"1177","28","572","15"
"1178","32","575","7"
"1179","49","575","4"
"1180","88","576","71"
"1181","49","576","37"
"1182","87","576","12"
"1183","30","576","19"
"1184","81","576","5"
"1185","47","576","5"
"1186","32","576","15"
"1187","85","576","21"
"1188","81","582","13"
"1189","93","582","71"
"1190","76","582","2"
"1191","47","582","38"
"1192","88","582","21"
"1193","32","583","3"
"1194","89","585","6"
"1195","1","585","25"
"1196","85","585","18"
"1197","87","585","72"
"1198","26","585","15"
"1199","86","585","11"
"1200","44","585","12"
"1201","26","586","5"
"1202","49","586","37"
"1203","28","587","19"
"1204","32","587","108"
"1205","47","587","23"
"1206","26","587","13"
"1207","98","587","104"
"1208","93","587","23"
"1209","89","587","8"
"1210","85","588","28"
"1211","76","588","9"
"1212","26","588","27"
"1213","81","588","103"
"1214","23","595","17"
"1215","30","595","107"
"1216","81","598","16"
"1217","49","598","32"
"1218","21","599","10"
"1219","30","599","17"
"1220","76","599","72"
"1221","28","599","3"
"1222","32","599","10"
"1223","19","601","71"
"1224","47","602","25"
"1225","86","602","10"
"1226","32","602","22"
"1227","23","602","8"
"1228","93","604","38"
"1229","85","604","32"
"1230","76","607","7"
"1231","86","609","3"
"1232","1","609","17"
"1233","47","609","29"
"1234","44","610","17"
"1235","93","610","56"
"1236","1","610","4"
"1237","30","610","51"
"1238","26","610","38"
"1239","21","610","26"
"1240","32","610","21"
"1241","98","611","33"
"1242","28","611","19"
"1243","81","611","11"
"1244","1","611","38"
"1245","49","611","35"
"1246","87","611","18"
"1247","87","612","18"
"1248","93","612","7"
"1249","49","612","13"
"1250","81","612","18"
"1251","19","612","22"
"1252","28","612","11"
"1253","98","613","51"
"1254","44","613","13"
"1255","23","613","59"
"1256","81","613","2"
"1257","47","613","76"
"1258","2","616","3"
"1259","93","616","15"
"1260","98","616","13"
"1261","23","616","4"
"1262","44","617","59"
"1263","81","617","55"
"1264","2","617","3"
"1265","76","617","76"
"1266","1","617","25"
"1267","89","617","74"
"1268","21","617","57"
"1269","93","617","7"
"1270","44","619","59"
"1271","49","619","2"
"1272","87","619","73"
"1273","86","619","16"
"1274","32","621","35"
"1275","89","621","7"
"1276","21","621","12"
"1277","26","622","15"
"1278","26","628","78"
"1279","30","628","34"
"1280","49","628","23"
"1281","93","628","103"
"1282","47","630","14"
"1283","23","630","108"
"1284","98","630","17"
"1285","87","630","6"
"1286","81","630","39"
"1287","1","630","8"
"1288","86","631","21"
"1289","88","631","10"
"1290","2","631","103"
"1291","21","631","7"
"1292","30","632","19"
"1293","23","632","108"
"1294","2","632","22"
"1295","26","632","22"
"1296","44","632","77"
"1297","88","632","18"
"1298","93","632","14"
"1299","2","634","7"
"1300","47","634","22"
"1301","85","634","75"
"1302","19","634","10"
"1303","88","636","18"
"1304","89","636","6"
"1305","81","636","2"
"1306","26","636","102"
"1307","89","637","7"
"1308","32","637","16"
"1309","47","637","38"
"1310","76","637","6"
"1311","86","637","77"
"1312","21","637","16"
"1313","87","637","55"
"1314","98","637","7"
"1315","47","638","107"
"1316","1","638","24"
"1317","93","638","15"
"1318","23","638","78"
"1319","88","641","102"
"1320","49","641","26"
"1321","21","641","28"
"1322","1","642","77"
"1323","47","642","10"
"1324","85","642","107"
"1325","93","642","17"
"1326","19","642","28"
"1327","44","645","9"
"1328","1","645","8"
"1329","86","645","103"
"1330","98","645","14"
"1331","2","645","73"
"1332","87","645","16"
"1333","49","645","9"
"1334","47","645","17"
"1335","76","646","17"
"1336","32","646","6"
"1337","2","646","37"
"1338","23","646","5"
"1339","88","646","4"
"1340","86","647","73"
"1341","93","647","105"
"1342","87","653","74"
"1343","30","653","23"
"1344","93","653","38"
"1345","44","653","19"
"1346","88","653","11"
"1347","47","654","10"
"1348","30","654","32"
"1349","93","654","3"
"1350","85","654","24"
"1351","23","654","32"
"1352","81","656","12"
"1353","19","656","12"
"1354","23","656","34"
"1355","2","659","12"
"1356","23","659","59"
"1357","98","659","108"
"1358","88","659","37"
"1359","30","659","6"
"1360","93","659","78"
"1361","28","660","7"
"1362","32","660","7"
"1363","23","661","18"
"1364","98","661","26"
"1365","85","661","7"
"1366","49","661","108"
"1367","47","661","71"
"1368","28","661","39"
"1369","81","662","12"
"1370","85","662","10"
"1371","76","662","3"
"1372","87","662","103"
"1373","32","662","23"
"1374","86","662","56"
"1375","89","662","22"
"1376","81","665","106"
"1377","87","665","6"
"1378","76","665","35"
"1379","86","665","31"
"1380","88","665","18"
"1381","47","665","78"
"1382","49","665","54"
"1383","2","666","5"
"1384","21","666","17"
"1385","81","666","19"
"1386","44","667","34"
"1387","44","669","16"
"1388","89","669","13"
"1389","19","669","19"
"1390","86","669","11"
"1391","30","669","21"
"1392","88","669","56"
"1393","21","669","56"
"1394","76","670","22"
"1395","89","670","15"
"1396","88","670","7"
"1397","85","670","75"
"1398","81","673","2"
"1399","2","673","12"
"1400","47","673","101"
"1401","19","673","106"
"1402","23","673","74"
"1403","89","673","26"
"1404","76","673","32"
"1405","89","674","4"
"1406","26","674","27"
"1407","81","674","10"
"1408","1","674","15"
"1409","44","674","27"
"1410","19","674","13"
"1411","81","676","10"
"1412","76","676","78"
"1413","49","676","37"
"1414","30","676","106"
"1415","28","676","12"
"1416","32","676","37"
"1417","23","676","11"
"1418","23","677","28"
"1419","81","677","17"
"1420","32","677","2"
"1421","26","677","12"
"1422","98","678","108"
"1423","76","678","23"
"1424","26","678","77"
"1425","2","678","57"
"1426","93","678","53"
"1427","47","678","79"
"1428","1","678","18"
"1429","44","681","29"
"1430","44","682","71"
"1431","30","682","8"
"1432","28","682","31"
"1433","23","682","33"
"1434","30","683","52"
"1435","1","683","14"
"1436","98","683","59"
"1437","19","683","75"
"1438","86","683","4"
"1439","93","684","76"
"1440","86","684","16"
"1441","88","684","12"
"1442","89","684","16"
"1443","30","684","10"
"1444","87","684","55"
"1445","1","684","27"
"1446","21","684","32"
"1447","30","686","11"
"1448","98","686","73"
"1449","1","686","78"
"1450","26","686","29"
"1451","2","686","18"
"1452","86","686","18"
"1453","89","686","105"
"1454","86","688","19"
"1455","93","688","74"
"1456","44","688","18"
"1457","19","688","10"
"1458","21","688","28"
"1459","1","688","7"
"1460","32","688","5"
"1461","47","689","74"
"1462","30","689","4"
"1463","44","689","21"
"1464","44","692","28"
"1465","19","697","79"
"1466","44","697","14"
"1467","87","697","8"
"1468","98","697","57"
"1469","30","697","31"
"1470","88","697","51"
"1471","23","697","25"
"1472","2","697","38"
"1473","1","698","13"
"1474","98","698","23"
"1475","2","699","19"
"1476","47","699","27"
"1477","49","699","54"
"1478","30","702","9"
"1479","32","702","7"
"1480","44","702","34"
"1481","81","702","107"
"1482","47","702","16"
"1483","86","703","7"
"1484","23","703","19"
"1485","30","703","105"
"1486","89","703","55"
"1487","47","703","10"
"1488","85","703","29"
"1489","19","703","105"
"1490","23","705","57"
"1491","89","705","35"
"1492","44","705","28"
"1493","81","705","39"
"1494","26","711","2"
"1495","21","712","3"
"1496","87","712","16"
"1497","47","712","17"
"1498","19","712","22"
"1499","47","713","29"
"1500","30","713","7"
"1501","81","713","4"
"1502","98","713","33"
"1503","23","713","15"
"1504","19","713","18"
"1505","1","713","14"
"1506","19","714","28"
"1507","23","714","51"
"1508","81","714","19"
"1509","47","716","15"
"1510","32","716","29"
"1511","28","716","9"
"1512","93","717","27"
"1513","1","717","6"
"1514","88","717","72"
"1515","19","717","33"
"1516","86","717","74"
"1517","87","717","52"
"1518","81","717","26"
"1519","30","721","10"
"1520","76","721","28"
"1521","32","721","17"
"1522","23","721","13"
"1523","49","721","54"
"1524","1","721","4"
"1525","93","721","11"
"1526","21","721","13"
"1527","81","721","28"
"1528","26","722","9"
"1529","30","722","17"
"1530","98","722","23"
"1531","32","722","12"
"1532","23","725","75"
"1533","87","725","39"
"1534","98","725","51"
"1535","49","725","21"
"1536","30","727","2"
"1537","1","727","10"
"1538","88","728","11"
"1539","2","728","11"
"1540","30","729","16"
"1541","1","729","7"
"1542","1","734","109"
"1543","85","734","13"
"1544","88","734","3"
"1545","49","734","2"
"1546","26","734","4"
"1547","85","735","8"
"1548","2","735","13"
"1549","1","741","10"
"1550","89","741","3"
"1551","87","741","23"
"1552","76","741","2"
"1553","32","741","76"
"1554","88","741","37"
"1555","88","743","16"
"1556","47","743","3"
"1557","26","743","108"
"1558","89","743","10"
"1559","21","744","54"
"1560","85","745","4"
"1561","28","745","51"
"1562","76","745","16"
"1563","28","746","78"
"1564","88","746","34"
"1565","2","746","3"
"1566","81","746","38"
"1567","44","746","76"
"1568","93","746","16"
"1569","19","748","13"
"1570","85","748","18"
"1571","44","748","104"
"1572","28","748","108"
"1573","2","748","5"
"1574","47","748","29"
"1575","47","750","5"
"1576","32","750","2"
"1577","49","750","106"
"1578","86","750","8"
"1579","23","750","7"
"1580","76","750","24"
"1581","2","751","16"
"1582","85","751","29"
"1583","1","751","108"
"1584","87","751","11"
"1585","32","752","78"
"1586","85","752","22"
"1587","19","752","8"
"1588","93","752","34"
"1589","30","753","75"
"1590","2","753","39"
"1591","44","753","23"
"1592","76","753","103"
"1593","28","753","38"
"1594","88","753","32"
"1595","19","753","3"
"1596","86","753","76"
"1597","85","754","14"
"1598","87","754","34"
"1599","81","760","19"
"1600","49","760","38"
"1601","30","763","79"
"1602","2","763","14"
"1603","76","763","106"
"1604","32","763","52"
"1605","93","763","14"
"1606","19","763","32"
"1607","44","765","26"
"1608","86","765","24"
"1609","87","765","104"
"1610","19","765","58"
"1611","1","765","2"
"1612","98","765","13"
"1613","76","765","76"
"1614","47","768","106"
"1615","93","768","31"
"1616","2","768","56"
"1617","81","768","2"
"1618","44","768","59"
"1619","89","770","17"
"1620","23","770","23"
"1621","76","770","5"
"1622","47","770","7"
"1623","98","770","7"
"1624","89","772","11"
"1625","32","772","10"
"1626","47","772","17"
"1627","98","772","101"
"1628","49","772","37"
"1629","98","773","8"
"1630","2","775","32"
"1631","81","775","8"
"1632","28","775","106"
"1633","32","775","6"
"1634","89","775","28"
"1635","93","775","4"
"1636","30","779","7"
"1637","47","779","18"
"1638","81","779","18"
"1639","89","779","15"
"1640","28","779","12"
"1641","98","779","14"
"1642","44","781","56"
"1643","89","781","58"
"1644","87","781","2"
"1645","85","783","27"
"1646","44","786","19"
"1647","86","786","19"
"1648","23","786","10"
"1649","1","786","34"
"1650","85","786","5"
"1651","19","786","9"
"1652","76","786","22"
"1653","44","787","54"
"1654","28","790","12"
"1655","87","790","101"
"1656","47","790","18"
"1657","28","791","3"
"1658","19","791","19"
"1659","26","791","14"
"1660","1","791","15"
"1661","81","791","6"
"1662","98","791","32"
"1663","47","791","2"
"1664","88","792","15"
"1665","19","792","24"
"1666","32","792","15"
"1667","81","792","3"
"1668","30","792","28"
"1669","49","792","16"
"1670","32","793","59"
"1671","98","795","15"
"1672","19","796","72"
"1673","32","796","37"
"1674","93","796","21"
"1675","28","796","59"
"1676","86","797","56"
"1677","44","797","5"
"1678","47","797","23"
"1679","19","797","101"
"1680","1","797","16"
"1681","30","797","38"
"1682","23","798","2"
"1683","26","799","16"
"1684","23","799","8"
"1685","28","799","13"
"1686","21","799","53"
"1687","93","799","14"
"1688","89","799","12"
"1689","2","799","11"
"1690","19","799","58"
"1691","98","800","16"
"1692","86","800","73"
"1693","81","800","23"
"1694","32","800","33"
"1695","49","802","8"
"1696","88","802","24"
"1697","86","802","72"
"1698","21","802","37"
"1699","76","806","55"
"1700","30","806","10"
"1701","93","806","32"
"1702","21","806","7"
"1703","76","807","8"
"1704","47","807","8"
"1705","98","807","17"
"1706","98","808","12"
"1707","28","810","9"
"1708","76","810","26"
"1709","85","810","28"
"1710","98","810","4"
"1711","21","810","10"
"1712","23","812","10"
"1713","85","812","78"
"1714","88","812","3"
"1715","19","812","2"
"1716","89","816","28"
"1717","30","816","8"
"1718","86","816","106"
"1719","81","816","106"
"1720","28","816","109"
"1721","2","816","11"
"1722","2","818","8"
"1723","85","819","14"
"1724","1","819","74"
"1725","2","819","12"
"1726","49","819","13"
"1727","28","819","24"
"1728","89","819","7"
"1729","26","819","19"
"1730","30","819","9"
"1731","81","820","51"
"1732","98","820","22"
"1733","26","820","36"
"1734","32","820","26"
"1735","88","820","21"
"1736","44","820","11"
"1737","86","820","9"
"1738","2","823","21"
"1739","44","823","11"
"1740","30","823","38"
"1741","81","823","38"
"1742","98","823","78"
"1743","87","823","24"
"1744","88","825","18"
"1745","47","825","4"
"1746","81","825","73"
"1747","1","825","4"
"1748","49","825","2"
"1749","28","825","13"
"1750","21","829","56"
"1751","88","831","15"
"1752","76","832","29"
"1753","98","832","12"
"1754","32","832","5"
"1755","26","832","104"
"1756","23","832","37"
"1757","21","832","33"
"1758","26","833","8"
"1759","32","833","11"
"1760","87","833","2"
"1761","93","833","9"
"1762","89","833","8"
"1763","86","833","77"
"1764","85","833","23"
"1765","47","836","18"
"1766","19","836","4"
"1767","23","836","7"
"1768","2","836","35"
"1769","86","836","9"
"1770","98","836","18"
"1771","49","837","56"
"1772","88","838","109"
"1773","26","838","6"
"1774","19","838","104"
"1775","86","838","10"
"1776","2","838","104"
"1777","21","839","38"
"1778","23","840","7"
"1779","98","840","102"
"1780","32","840","5"
"1781","85","840","77"
"1782","86","841","52"
"1783","30","841","5"
"1784","93","841","108"
"1785","2","841","25"
"1786","87","841","6"
"1787","23","841","23"
"1788","88","841","28"
"1789","1","841","39"
"1790","23","843","74"
"1791","28","843","12"
"1792","87","843","10"
"1793","28","844","51"
"1794","87","844","4"
"1795","1","845","14"
"1796","44","845","18"
"1797","86","845","12"
"1798","85","845","57"
"1799","23","845","9"
"1800","23","846","10"
"1801","28","846","16"
"1802","26","846","2"
"1803","49","846","11"
"1804","93","846","26"
"1805","76","846","29"
"1806","86","846","9"
"1807","81","847","28"
"1808","47","847","21"
"1809","98","847","18"
"1810","19","848","8"
"1811","86","848","4"
"1812","28","848","27"
"1813","47","848","16"
"1814","93","848","59"
"1815","85","848","15"
"1816","98","852","35"
"1817","88","852","25"
"1818","93","852","55"
"1819","30","852","10"
"1820","49","852","18"
"1821","47","852","71"
"1822","85","852","15"
"1823","19","854","28"
"1824","81","854","18"
"1825","2","854","13"
"1826","49","855","37"
"1827","47","855","27"
"1828","26","855","3"
"1829","30","855","103"
"1830","93","855","6"
"1831","98","856","57"
"1832","23","857","19"
"1833","28","857","11"
"1834","26","857","27"
"1835","86","857","27"
"1836","88","857","28"
"1837","49","859","19"
"1838","23","859","103"
"1839","98","859","6"
"1840","81","859","18"
"1841","86","859","3"
"1842","32","859","29"
"1843","44","859","19"
"1844","93","859","16"
"1845","23","860","23"
"1846","26","860","58"
"1847","30","862","18"
"1848","21","862","104"
"1849","88","862","18"
"1850","98","862","25"
"1851","30","863","103"
"1852","32","863","19"
"1853","21","863","3"
"1854","23","863","107"
"1855","19","863","72"
"1856","98","863","23"
"1857","47","863","8"
"1858","85","864","2"
"1859","98","864","17"
"1860","89","864","13"
"1861","93","867","3"
"1862","2","867","77"
"1863","26","867","76"
"1864","98","867","78"
"1865","88","867","26"
"1866","1","867","13"
"1867","28","867","55"
"1868","19","868","51"
"1869","32","870","2"
"1870","44","871","24"
"1871","76","871","8"
"1872","30","871","8"
"1873","28","871","33"
"1874","32","871","25"
"1875","19","871","4"
"1876","23","873","11"
"1877","21","873","2"
"1878","2","873","71"
"1879","1","874","28"
"1880","2","874","37"
"1881","44","874","109"
"1882","49","874","8"
"1883","86","877","28"
"1884","1","880","16"
"1885","30","880","104"
"1886","88","880","22"
"1887","26","880","29"
"1888","32","880","28"
"1889","76","880","73"
"1890","87","887","7"
"1891","49","887","108"
"1892","30","887","102"
"1893","86","887","22"
"1894","47","887","23"
"1895","19","887","37"
"1896","26","888","5"
"1897","2","888","4"
"1898","32","888","38"
"1899","81","888","25"
"1900","81","889","33"
"1901","49","889","22"
"1902","93","889","108"
"1903","32","889","14"
"1904","87","889","101"
"1905","30","889","31"
"1906","98","892","37"
"1907","19","893","18"
"1908","86","893","11"
"1909","32","893","27"
"1910","19","898","105"
"1911","44","899","27"
"1912","21","899","16"
"1913","49","900","10"
"1914","47","900","15"
"1915","30","900","14"
"1916","87","900","9"
"1917","88","900","12"
"1918","81","900","32"
"1919","85","901","59"
"1920","19","901","8"
"1921","21","902","13"
"1922","93","902","72"
"1923","89","902","25"
"1924","81","902","29"
"1925","85","902","52"
"1926","2","902","21"
"1927","88","906","27"
"1928","30","906","73"
"1929","49","907","7"
"1930","28","907","11"
"1931","85","907","12"
"1932","76","908","27"
"1933","89","908","29"
"1934","98","908","28"
"1935","19","908","73"
"1936","87","908","29"
"1937","44","908","39"
"1938","32","911","8"
"1939","30","911","5"
"1940","2","911","19"
"1941","86","911","11"
"1942","26","911","52"
"1943","93","916","106"
"1944","26","916","14"
"1945","21","917","13"
"1946","2","917","8"
"1947","1","917","4"
"1948","93","917","29"
"1949","32","917","14"
"1950","98","917","17"
"1951","76","917","24"
"1952","44","918","19"
"1953","87","918","16"
"1954","89","919","29"
"1955","21","919","36"
"1956","1","923","27"
"1957","21","930","76"
"1958","89","930","26"
"1959","44","935","75"
"1960","86","936","25"
"1961","32","936","29"
"1962","21","938","21"
"1963","1","938","4"
"1964","87","938","9"
"1965","76","938","36"
"1966","23","938","6"
"1967","49","938","32"
"1968","81","939","17"
"1969","87","939","18"
"1970","23","939","17"
"1971","1","940","4"
"1972","88","940","25"
"1973","98","940","54"
"1974","81","940","32"
"1975","23","941","38"
"1976","87","941","18"
"1977","85","941","18"
"1978","81","944","18"
"1979","87","944","19"
"1980","21","944","31"
"1981","93","946","56"
"1982","32","946","36"
"1983","47","946","39"
"1984","2","946","16"
"1985","85","948","23"
"1986","28","948","5"
"1987","86","948","52"
"1988","87","948","7"
"1989","47","948","57"
"1990","26","951","28"
"1991","28","951","21"
"1992","89","951","14"
"1993","23","951","75"
"1994","21","951","25"
"1995","30","951","72"
"1996","1","951","72"
"1997","87","951","4"
"1998","44","954","5"
"1999","85","954","58"
"2000","19","956","7"
"2001","2","959","26"
"2002","85","959","77"
"2003","93","959","34"
"2004","30","963","55"
"2005","19","963","12"
"2006","85","963","109"
"2007","89","964","108"
"2008","88","964","2"
"2009","76","964","2"
"2010","47","964","56"
"2011","87","965","6"
"2012","32","965","6"
"2013","93","965","38"
"2014","1","966","10"
"2015","23","966","56"
"2016","26","966","73"
"2017","19","966","12"
"2018","86","966","7"
"2019","76","966","14"
"2020","32","966","16"
"2021","88","968","25"
"2022","28","968","3"
"2023","89","968","19"
"2024","32","968","16"
"2025","44","968","13"
"2026","47","969","33"
"2027","87","970","7"
"2028","86","970","25"
"2029","89","970","22"
"2030","98","970","29"
"2031","85","970","13"
"2032","49","970","32"
"2033","26","970","2"
"2034","30","971","28"
"2035","87","971","23"
"2036","49","971","4"
"2037","76","976","101"
"2038","81","976","14"
"2039","2","976","101"
"2040","44","976","27"
"2041","85","976","59"
"2042","30","976","19"
"2043","76","977","11"
"2044","26","977","51"
"2045","19","977","26"
"2046","2","978","104"
"2047","86","978","58"
"2048","87","979","108"
"2049","89","984","6"
"2050","47","984","39"
"2051","28","984","58"
"2052","98","984","25"
"2053","44","984","12"
"2054","49","985","3"
"2055","89","985","12"
"2056","2","987","71"
"2057","76","987","9"
"2058","1","987","34"
"2059","87","987","6"
"2060","85","987","11"
"2061","30","989","52"
"2062","32","989","15"
"2063","87","989","23"
"2064","21","989","75"
"2065","49","989","19"
"2066","32","990","23"
"2067","47","990","25"
"2068","85","990","109"
"2069","23","990","13"
"2070","93","990","23"
"2071","49","990","25"
"2072","89","990","10"
"2073","1","990","15"
"2074","87","992","4"
"2075","1","992","6"
"2076","85","992","26"
"2077","76","992","74"
"2078","30","993","8"
"2079","21","993","16"
"2080","89","993","15"
"2081","1","993","73"
"2082","81","993","10"
"2083","1","994","6"
"2084","21","994","27"
"2085","26","995","10"
"2086","30","995","13"
"2087","47","995","36"
"2088","28","995","18"
"2089","2","995","7"
"2090","32","995","6"
"2091","88","995","3"
"2092","19","996","6"
"2093","2","996","105"
"2094","30","996","74"
"2095","1","996","102"
"2096","85","996","4"
"2097","21","996","6"
"2098","81","996","6"
"2099","32","996","24"
"2100","86","996","17"
"2101","21","997","10"
"2102","23","997","16"
"2103","87","997","9"
"2104","86","997","54"
"2105","26","997","39"
"2106","32","997","51"
"2107","30","998","11"
"2108","85","998","17"
"2109","19","998","16"
"2110","47","998","12"
"2111","21","998","59"
"2112","26","998","101"
"2113","32","998","57"
"2114","76","999","10"
"2115","21","999","4"
"2116","44","999","74"
"2117","28","999","31"
"2118","32","1001","11"
"2119","88","1001","54"
"2120","26","1002","77"
"2121","1","1002","4"
"2122","44","1002","53"
"2123","47","1002","9"
"2124","88","1002","57"
"2125","98","1002","101"
"2126","30","1002","105"
"2127","32","1002","4"
"2128","21","1002","28"
"2129","30","1003","7"
"2130","32","1005","76"
"2131","88","1005","27"
"2132","21","1005","3"
"2133","49","1011","51"
"2134","26","1011","2"
"2135","98","1012","5"
"2136","19","1012","24"
"2137","49","1012","17"
"2138","89","1012","10"
"2139","26","1012","27"
"2140","21","1012","28"
"2141","1","1012","19"
"2142","28","1014","13"
"2143","86","1014","103"
"2144","93","1014","25"
"2145","81","1015","53"
"2146","44","1015","19"
"2147","89","1015","25"
"2148","49","1015","104"
"2149","76","1015","33"
"2150","93","1015","38"
"2151","30","1016","28"
"2152","85","1016","16"
"2153","47","1016","108"
"2154","21","1016","29"
"2155","98","1017","101"
"2156","88","1017","18"
"2157","93","1021","18"
"2158","26","1021","39"
"2159","81","1021","32"
"2160","2","1021","10"
"2161","1","1021","109"
"2162","88","1024","76"
"2163","21","1025","37"
"2164","44","1025","4"
"2165","19","1025","24"
"2166","47","1025","23"
"2167","30","1026","2"
"2168","93","1026","71"
"2169","76","1026","8"
"2170","49","1026","76"
"2171","32","1026","9"
"2172","86","1026","12"
"2173","76","1027","21"
"2174","23","1027","76"
"2175","47","1027","8"
"2176","81","1027","38"
"2177","89","1027","19"
"2178","30","1029","9"
"2179","87","1029","9"
"2180","86","1029","10"
"2181","2","1029","21"
"2182","28","1033","6"
"2183","32","1033","18"
"2184","23","1036","18"
"2185","47","1036","21"
"2186","86","1036","25"
"2187","88","1036","103"
"2188","86","1037","18"
"2189","28","1037","5"
"2190","44","1037","56"
"2191","1","1040","76"
"2192","88","1040","19"
"2193","49","1040","19"
"2194","85","1040","10"
"2195","93","1040","54"
"2196","23","1040","56"
"2197","86","1040","32"
"2198","76","1041","73"
"2199","44","1041","10"
"2200","87","1041","28"
"2201","89","1041","79"
"2202","49","1041","25"
"2203","32","1041","16"
"2204","30","1043","3"
"2205","1","1043","18"
"2206","26","1043","53"
"2207","88","1044","16"
"2208","21","1044","8"
"2209","26","1044","16"
"2210","1","1044","23"
"2211","49","1044","55"
"2212","47","1044","11"
"2213","28","1044","32"
"2214","32","1046","4"
"2215","2","1046","9"
"2216","98","1046","6"
"2217","87","1046","17"
"2218","81","1048","56"
"2219","93","1048","9"
"2220","30","1048","59"
"2221","28","1048","31"
"2222","32","1051","23"
"2223","93","1051","10"
"2224","2","1052","3"
"2225","88","1052","15"
"2226","26","1052","5"
"2227","1","1052","77"
"2228","81","1055","22"
"2229","28","1055","22"
"2230","88","1055","18"
"2231","47","1055","13"
"2232","2","1055","77"
"2233","89","1055","72"
"2234","76","1055","11"
"2235","47","1057","7"
"2236","85","1057","22"
"2237","28","1057","6"
"2238","32","1063","23"
"2239","85","1063","11"
"2240","81","1063","25"
"2241","86","1063","15"
"2242","76","1063","29"
"2243","47","1063","13"
"2244","23","1064","15"
"2245","86","1065","52"
"2246","2","1066","21"
"2247","89","1066","5"
"2248","23","1067","9"
"2249","26","1069","16"
"2250","88","1072","13"
"2251","81","1072","77"
"2252","89","1072","7"
"2253","2","1072","28"
"2254","30","1072","8"
"2255","47","1074","15"
"2256","93","1074","15"
"2257","89","1074","8"
"2258","49","1074","102"
"2259","2","1074","18"
"2260","32","1074","57"
"2261","85","1077","26"
"2262","87","1077","56"
"2263","86","1080","24"
"2264","87","1080","26"
"2265","85","1081","19"
"2266","19","1081","58"
"2267","32","1081","10"
"2268","89","1081","19"
"2269","26","1081","8"
"2270","88","1081","6"
"2271","47","1081","31"
"2272","28","1082","9"
"2273","76","1084","27"
"2274","49","1084","14"
"2275","81","1084","16"
"2276","89","1084","35"
"2277","47","1084","23"
"2278","86","1084","24"
"2279","28","1084","2"
"2280","87","1084","9"
"2281","32","1084","13"
"2282","85","1088","16"
"2283","21","1088","14"
"2284","44","1090","25"
"2285","85","1090","35"
"2286","87","1090","76"
"2287","2","1090","22"
"2288","32","1090","29"
"2289","85","1092","19"
"2290","21","1092","17"
"2291","88","1093","37"
"2292","30","1093","13"
"2293","76","1093","14"
"2294","19","1093","59"
"2295","28","1093","15"
"2296","1","1095","23"
"2297","76","1095","104"
"2298","47","1095","105"
"2299","44","1096","8"
"2300","1","1096","75"
"2301","93","1096","17"
"2302","2","1096","71"
"2303","49","1096","56"
"2304","87","1096","21"
"2305","81","1096","52"
"2306","44","1098","107"
"2307","87","1098","5"
"2308","76","1098","6"
"2309","21","1098","109"
"2310","81","1098","33"
"2311","2","1098","56"
"2312","49","1099","106"
"2313","44","1099","16"
"2314","21","1099","18"
"2315","47","1099","73"
"2316","86","1099","16"
"2317","93","1099","104"
"2318","98","1099","15"
"2319","21","1101","101"
"2320","87","1102","71"
"2321","44","1102","107"
"2322","23","1102","28"
"2323","81","1102","25"
"2324","88","1107","108"
"2325","26","1107","3"
"2326","2","1107","72"
"2327","49","1107","75"
"2328","44","1107","7"
"2329","21","1107","53"
"2330","85","1110","104"
"2331","32","1110","22"
"2332","19","1110","73"
"2333","88","1110","25"
"2334","30","1110","102"
"2335","89","1112","13"
"2336","85","1112","76"
"2337","23","1113","53"
"2338","81","1113","7"
"2339","19","1114","3"
"2340","89","1114","16"
"2341","76","1114","3"
"2342","98","1114","14"
"2343","87","1114","4"
"2344","81","1114","32"
"2345","86","1114","7"
"2346","49","1114","24"
"2347","89","1118","5"
"2348","87","1118","5"
"2349","88","1118","3"
"2350","86","1118","12"
"2351","81","1118","34"
"2352","23","1119","17"
"2353","1","1119","37"
"2354","47","1119","18"
"2355","81","1119","16"
"2356","87","1119","4"
"2357","49","1124","54"
"2358","2","1124","23"
"2359","28","1124","56"
"2360","49","1126","13"
"2361","98","1126","24"
"2362","89","1128","76"
"2363","2","1128","105"
"2364","87","1128","6"
"2365","98","1131","21"
"2366","76","1131","4"
"2367","19","1131","19"
"2368","32","1131","15"
"2369","44","1131","57"
"2370","23","1131","10"
"2371","47","1133","39"
"2372","2","1133","13"
"2373","85","1133","7"
"2374","88","1133","55"
"2375","76","1133","14"
"2376","26","1133","53"
"2377","85","1134","3"
"2378","47","1134","5"
"2379","19","1135","57"
"2380","86","1135","35"
"2381","89","1135","11"
"2382","93","1135","10"
"2383","26","1135","8"
"2384","81","1135","51"
"2385","1","1136","74"
"2386","93","1136","109"
"2387","1","1137","78"
"2388","28","1137","26"
"2389","86","1138","3"
"2390","1","1140","74"
"2391","49","1140","52"
"2392","88","1140","4"
"2393","93","1140","24"
"2394","87","1140","15"
"2395","26","1140","14"
"2396","44","1141","7"
"2397","32","1141","31"
"2398","89","1141","35"
"2399","76","1141","7"
"2400","98","1142","76"
"2401","1","1142","15"
"2402","19","1142","36"
"2403","2","1142","10"
"2404","1","1144","11"
"2405","30","1144","78"
"2406","49","1144","54"
"2407","76","1144","38"
"2408","28","1144","56"
"2409","26","1144","2"
"2410","88","1146","107"
"2411","30","1146","78"
"2412","1","1146","75"
"2413","47","1148","5"
"2414","88","1148","9"
"2415","49","1148","108"
"2416","1","1151","14"
"2417","85","1151","12"
"2418","26","1151","31"
"2419","47","1151","8"
"2420","2","1151","56"
"2421","32","1151","32"
"2422","49","1151","36"
"2423","44","1152","23"
"2424","87","1152","3"
"2425","85","1152","18"
"2426","86","1152","18"
"2427","1","1152","7"
"2428","32","1152","17"
"2429","2","1155","3"
"2430","76","1155","7"
"2431","28","1155","2"
"2432","21","1155","35"
"2433","89","1155","5"
"2434","87","1155","52"
"2435","88","1157","106"
"2436","19","1159","10"
"2437","85","1159","109"
"2438","28","1159","3"
"2439","93","1159","39"
"2440","81","1159","18"
"2441","1","1159","75"
"2442","76","1161","9"
"2443","44","1161","105"
"2444","2","1161","23"
"2445","93","1162","28"
"2446","1","1162","55"
"2447","87","1162","35"
"2448","21","1162","18"
"2449","88","1164","6"
"2450","21","1164","23"
"2451","32","1164","12"
"2452","81","1164","37"
"2453","49","1164","10"
"2454","93","1165","21"
"2455","1","1165","17"
"2456","23","1165","3"
"2457","32","1165","2"
"2458","89","1165","5"
"2459","49","1166","5"
"2460","47","1166","27"
"2461","23","1166","105"
"2462","85","1166","103"
"2463","21","1166","11"
"2464","23","1167","33"
"2465","32","1167","4"
"2466","49","1167","18"
"2467","2","1167","8"
"2468","81","1167","104"
"2469","89","1167","11"
"2470","19","1167","16"
"2471","86","1170","19"
"2472","21","1170","14"
"2473","19","1170","22"
"2474","76","1170","77"
"2475","23","1170","4"
"2476","81","1170","109"
"2477","89","1176","19"
"2478","26","1177","17"
"2479","85","1178","106"
"2480","30","1178","71"
"2481","49","1179","25"
"2482","88","1179","13"
"2483","32","1179","21"
"2484","98","1179","33"
"2485","85","1179","26"
"2486","26","1179","12"
"2487","28","1179","8"
"2488","88","1180","101"
"2489","88","1183","75"
"2490","30","1186","2"
"2491","21","1186","26"
"2492","89","1186","15"
"2493","85","1186","14"
"2494","21","1191","22"
"2495","26","1191","9"
"2496","44","1191","52"
"2497","98","1192","18"
"2498","49","1192","31"
"2499","21","1192","28"
"2500","30","1192","22"
"2501","1","1193","28"
"2502","19","1193","77"
"2503","85","1193","9"
"2504","44","1193","54"
"2505","87","1193","73"
"2506","2","1193","59"
"2507","23","1195","4"
"2508","32","1195","38"
"2509","47","1195","33"
"2510","87","1195","54"
"2511","89","1196","73"
"2512","87","1196","12"
"2513","28","1196","27"
"2514","86","1196","9"
"2515","23","1196","3"
"2516","44","1196","105"
"2517","49","1196","11"
"2518","87","1199","10"
"2519","19","1199","13"
"2520","28","1199","24"
"2521","89","1199","106"
"2522","98","1199","12"
"2523","44","1199","7"
"2524","23","1199","16"
"2525","44","1200","14"
"2526","2","1201","16"
"2527","28","1201","26"
"2528","87","1201","106"
"2529","19","1202","5"
"2530","89","1202","9"
"2531","30","1202","13"
"2532","23","1202","57"
"2533","88","1203","13"
"2534","81","1203","21"
"2535","86","1203","6"
"2536","2","1203","53"
"2537","1","1203","9"
"2538","2","1204","77"
"2539","87","1204","24"
"2540","93","1204","77"
"2541","19","1206","15"
"2542","2","1207","39"
"2543","28","1210","17"
"2544","44","1210","27"
"2545","86","1210","6"
"2546","23","1211","25"
"2547","47","1211","5"
"2548","49","1211","18"
"2549","86","1214","14"
"2550","1","1214","78"
"2551","88","1214","71"
"2552","87","1215","39"
"2553","98","1215","14"
"2554","85","1215","21"
"2555","44","1215","9"
"2556","76","1215","27"
"2557","32","1215","56"
"2558","23","1216","18"
"2559","21","1216","19"
"2560","81","1216","4"
"2561","85","1216","14"
"2562","1","1216","37"
"2563","44","1216","12"
"2564","89","1216","2"
"2565","23","1218","11"
"2566","2","1221","11"
"2567","89","1222","24"
"2568","2","1222","27"
"2569","76","1222","4"
"2570","98","1222","22"
"2571","19","1222","72"
"2572","93","1222","25"
"2573","30","1223","29"
"2574","49","1223","28"
"2575","1","1223","31"
"2576","76","1223","2"
"2577","21","1223","79"
"2578","88","1223","12"
"2579","47","1223","14"
"2580","87","1223","22"
"2581","86","1225","24"
"2582","28","1225","29"
"2583","93","1225","8"
"2584","76","1225","22"
"2585","44","1225","12"
"2586","2","1225","13"
"2587","44","1227","3"
"2588","87","1228","4"
"2589","98","1228","18"
"2590","19","1232","9"
"2591","28","1232","9"
"2592","86","1232","13"
"2593","49","1232","36"
"2594","1","1232","19"
"2595","32","1232","72"
"2596","30","1237","36"
"2597","81","1237","77"
"2598","23","1237","74"
"2599","44","1237","18"
"2600","93","1237","76"
"2601","19","1241","6"
"2602","1","1241","29"
"2603","88","1245","18"
"2604","1","1245","21"
"2605","21","1245","3"
"2606","89","1245","23"
"2607","49","1246","39"
"2608","81","1246","28"
"2609","19","1246","38"
"2610","81","1247","8"
"2611","23","1247","6"
"2612","93","1247","23"
"2613","89","1247","21"
"2614","23","1249","10"
"2615","85","1249","75"
"2616","1","1250","5"
"2617","76","1250","28"
"2618","23","1250","103"
"2619","88","1250","18"
"2620","47","1250","104"
"2621","81","1250","7"
"2622","26","1251","57"
"2623","2","1251","14"
"2624","21","1251","53"
"2625","23","1251","17"
"2626","19","1251","27"
"2627","30","1251","3"
"2628","81","1251","3"
"2629","76","1254","105"
"2630","81","1254","73"
"2631","49","1254","56"
"2632","30","1254","3"
"2633","2","1254","7"
"2634","98","1254","24"
"2635","47","1254","28"
"2636","26","1256","6"
"2637","23","1256","4"
"2638","2","1256","4"
"2639","85","1256","34"
"2640","98","1256","23"
"2641","21","1256","14"
"2642","1","1256","10"
"2643","87","1257","12"
"2644","89","1257","4"
"2645","1","1257","32"
"2646","23","1260","108"
"2647","86","1260","102"
"2648","19","1260","12"
"2649","85","1260","27"
"2650","93","1265","35"
"2651","81","1265","10"
"2652","21","1265","14"
"2653","1","1265","10"
"2654","89","1265","31"
"2655","28","1266","4"
"2656","81","1266","18"
"2657","98","1270","14"
"2658","32","1270","58"
"2659","85","1270","29"
"2660","30","1270","19"
"2661","1","1270","11"
"2662","19","1271","23"
"2663","28","1271","22"
"2664","23","1271","3"
"2665","32","1271","51"
"2666","76","1271","76"
"2667","89","1271","19"
"2668","98","1271","17"
"2669","88","1271","4"
"2670","86","1272","7"
"2671","23","1272","29"
"2672","87","1272","59"
"2673","89","1272","14"
"2674","98","1273","4"
"2675","44","1273","7"
"2676","28","1273","19"
"2677","76","1273","17"
"2678","81","1273","28"
"2679","2","1273","75"
"2680","88","1273","106"
"2681","86","1276","8"
"2682","44","1276","32"
"2683","86","1281","8"
"2684","2","1282","108"
"2685","28","1282","25"
"2686","21","1282","9"
"2687","1","1282","33"
"2688","26","1282","6"
"2689","88","1282","56"
"2690","89","1284","71"
"2691","85","1284","10"
"2692","19","1284","55"
"2693","93","1284","10"
"2694","47","1284","101"
"2695","2","1284","15"
"2696","21","1286","2"
"2697","28","1286","56"
"2698","85","1286","58"
"2699","88","1286","19"
"2700","98","1286","55"
"2701","87","1288","32"
"2702","81","1290","23"
"2703","87","1291","15"
"2704","98","1291","15"
"2705","89","1291","23"
"2706","47","1291","25"
"2707","44","1292","6"
"2708","32","1292","4"
"2709","28","1292","19"
"2710","23","1292","39"
"2711","76","1292","31"
"2712","81","1292","109"
"2713","26","1292","58"
"2714","47","1295","10"
"2715","88","1298","24"
"2716","21","1298","19"
"2717","30","1298","3"
"2718","93","1298","21"
"2719","1","1298","104"
"2720","85","1299","55"
"2721","19","1299","8"
"2722","49","1299","19"
"2723","44","1299","32"
"2724","88","1299","29"
"2725","98","1300","9"
"2726","19","1300","73"
"2727","23","1300","24"
"2728","93","1300","22"
"2729","2","1300","27"
"2730","44","1300","35"
"2731","49","1302","12"
"2732","88","1305","14"
"2733","32","1305","59"
"2734","23","1307","36"
"2735","30","1307","14"
"2736","44","1307","57"
"2737","26","1308","28"
"2738","81","1308","102"
"2739","30","1308","3"
"2740","32","1310","5"
"2741","47","1310","51"
"2742","93","1310","23"
"2743","1","1310","10"
"2744","98","1310","16"
"2745","76","1310","7"
"2746","26","1310","72"
"2747","93","1311","76"
"2748","32","1311","103"
"2749","26","1311","8"
"2750","85","1311","58"
"2751","89","1311","27"
"2752","87","1311","56"
"2753","28","1311","11"
"2754","98","1313","2"
"2755","21","1313","102"
"2756","86","1313","52"
"2757","23","1313","24"
"2758","49","1313","23"
"2759","23","1314","16"
"2760","2","1314","15"
"2761","85","1314","8"
"2762","89","1314","77"
"2763","47","1315","16"
"2764","88","1316","22"
"2765","28","1317","57"
"2766","85","1317","3"
"2767","26","1317","21"
"2768","21","1317","28"
"2769","89","1317","14"
"2770","98","1317","3"
"2771","19","1317","12"
"2772","30","1317","56"
"2773","28","1322","25"
"2774","2","1322","29"
"2775","87","1322","105"
"2776","86","1322","13"
"2777","81","1322","22"
"2778","47","1322","24"
"2779","30","1322","33"
"2780","76","1322","19"
"2781","98","1325","19"
"2782","32","1326","32"
"2783","2","1326","19"
"2784","47","1326","58"
"2785","21","1326","13"
"2786","85","1327","108"
"2787","81","1327","19"
"2788","30","1328","14"
"2789","87","1328","5"
"2790","32","1328","19"
"2791","1","1328","17"
"2792","44","1330","59"
"2793","2","1330","26"
"2794","21","1330","6"
"2795","88","1330","11"
"2796","26","1330","19"
"2797","1","1331","71"
"2798","19","1331","7"
"2799","87","1331","11"
"2800","49","1331","19"
"2801","32","1331","31"
"2802","28","1331","53"
"2803","26","1334","79"
"2804","47","1334","8"
"2805","2","1334","11"
"2806","26","1336","10"
"2807","32","1336","13"
"2808","87","1336","103"
"2809","47","1336","5"
"2810","88","1336","6"
"2811","76","1336","14"
"2812","30","1336","3"
"2813","93","1336","21"
"2814","76","1338","4"
"2815","85","1338","54"
"2816","76","1341","19"
"2817","89","1341","78"
"2818","49","1341","34"
"2819","81","1341","36"
"2820","44","1341","9"
"2821","93","1341","24"
"2822","28","1341","101"
"2823","26","1342","17"
"2824","98","1342","11"
"2825","85","1342","5"
"2826","76","1342","75"
"2827","44","1342","7"
"2828","19","1342","13"
"2829","21","1342","21"
"2830","47","1342","55"
"2831","76","1343","75"
"2832","19","1343","13"
"2833","2","1345","25"
"2834","26","1345","3"
"2835","93","1345","105"
"2836","85","1345","15"
"2837","88","1345","23"
"2838","89","1346","32"
"2839","2","1346","16"
"2840","47","1346","9"
"2841","30","1346","29"
"2842","26","1349","9"
"2843","76","1349","34"
"2844","28","1351","72"
"2845","85","1351","37"
"2846","89","1351","4"
"2847","93","1351","10"
"2848","88","1351","73"
"2849","87","1351","53"
"2850","81","1351","10"
"2851","2","1351","109"
"2852","85","1352","3"
"2853","1","1352","39"
"2854","21","1352","53"
"2855","93","1352","74"
"2856","87","1352","19"
"2857","98","1357","59"
"2858","19","1357","32"
"2859","26","1357","7"
"2860","81","1357","13"
"2861","44","1357","24"
"2862","76","1357","28"
"2863","85","1357","15"
"2864","28","1358","34"
"2865","47","1358","23"
"2866","26","1358","53"
"2867","98","1358","17"
"2868","30","1358","22"
"2869","81","1359","26"
"2870","26","1359","8"
"2871","32","1359","59"
"2872","98","1361","103"
"2873","93","1361","79"
"2874","26","1361","8"
"2875","44","1361","26"
"2876","76","1365","26"
"2877","23","1365","75"
"2878","1","1365","73"
"2879","98","1365","15"
"2880","32","1366","14"
"2881","85","1366","37"
"2882","28","1366","26"
"2883","98","1366","27"
"2884","88","1366","10"
"2885","21","1366","27"
"2886","89","1368","26"
"2887","49","1368","35"
"2888","30","1368","24"
"2889","87","1369","2"
"2890","47","1369","16"
"2891","28","1372","102"
"2892","1","1372","71"
"2893","19","1372","16"
"2894","2","1372","23"
"2895","93","1372","7"
"2896","28","1373","2"
"2897","21","1373","55"
"2898","87","1373","14"
"2899","47","1373","73"
"2900","89","1373","24"
"2901","76","1373","79"
"2902","2","1373","3"
"2903","49","1374","78"
"2904","21","1380","9"
"2905","93","1380","3"
"2906","47","1382","31"
"2907","1","1382","35"
"2908","28","1382","53"
"2909","89","1382","75"
"2910","23","1382","101"
"2911","85","1382","7"
"2912","76","1384","74"
"2913","47","1384","11"
"2914","28","1384","12"
"2915","81","1384","58"
"2916","21","1385","9"
"2917","47","1385","8"
"2918","28","1385","15"
"2919","81","1385","3"
"2920","32","1386","106"
"2921","21","1386","7"
"2922","2","1386","56"
"2923","1","1386","15"
"2924","87","1386","19"
"2925","76","1386","8"
"2926","28","1387","102"
"2927","21","1387","9"
"2928","87","1387","39"
"2929","26","1387","24"
"2930","23","1387","27"
"2931","19","1387","8"
"2932","93","1390","14"
"2933","44","1390","9"
"2934","81","1390","78"
"2935","49","1390","25"
"2936","1","1390","22"
"2937","98","1390","23"
"2938","21","1390","17"
"2939","76","1390","10"
"2940","32","1390","102"
"2941","76","1391","19"
"2942","1","1391","26"
"2943","86","1391","57"
"2944","28","1391","106"
"2945","26","1392","52"
"2946","19","1392","34"
"2947","87","1395","35"
"2948","47","1395","59"
"2949","2","1395","16"
"2950","76","1395","17"
"2951","98","1395","17"
"2952","93","1396","23"
"2953","19","1396","14"
"2954","86","1398","37"
"2955","87","1398","4"
"2956","89","1398","72"
"2957","2","1398","75"
"2958","19","1398","10"
"2959","30","1398","21"
"2960","76","1398","23"
"2961","85","1403","25"
"2962","28","1403","58"
"2963","44","1403","23"
"2964","87","1403","103"
"2965","81","1403","31"
"2966","87","1405","26"
"2967","21","1405","6"
"2968","32","1405","13"
"2969","47","1406","22"
"2970","2","1406","5"
"2971","85","1406","4"
"2972","21","1406","2"
"2973","81","1407","28"
"2974","28","1407","7"
"2975","87","1407","59"
"2976","23","1407","5"
"2977","19","1408","12"
"2978","88","1408","53"
"2979","89","1408","29"
"2980","76","1408","10"
"2981","26","1408","53"
"2982","87","1408","19"
"2983","86","1409","4"
"2984","1","1409","29"
"2985","19","1409","8"
"2986","85","1409","3"
"2987","21","1410","35"
"2988","49","1410","28"
"2989","30","1410","10"
"2990","81","1410","15"
"2991","93","1410","13"
"2992","1","1410","6"
"2993","26","1410","22"
"2994","21","1411","2"
"2995","47","1411","5"
"2996","2","1411","6"
"2997","26","1411","57"
"2998","23","1411","75"
"2999","88","1411","11"
"3000","19","1411","37"
"3001","1","1414","21"
"3002","23","1415","21"
"3003","30","1415","26"
"3004","86","1415","12"
"3005","1","1415","22"
"3006","88","1415","8"
"3007","44","1415","11"
"3008","30","1420","57"
"3009","23","1420","6"
"3010","47","1421","24"
"3011","44","1421","14"
"3012","88","1421","102"
"3013","30","1421","33"
"3014","93","1421","14"
"3015","44","1425","11"
"3016","28","1425","22"
"3017","49","1425","5"
"3018","88","1427","73"
"3019","30","1427","32"
"3020","49","1427","21"
"3021","2","1429","35"
"3022","85","1429","17"
"3023","86","1432","36"
"3024","89","1432","5"
"3025","81","1432","24"
"3026","1","1432","7"
"3027","23","1432","27"
"3028","32","1432","38"
"3029","98","1432","3"
"3030","93","1433","108"
"3031","30","1433","57"
"3032","23","1434","21"
"3033","87","1434","11"
"3034","28","1434","2"
"3035","88","1434","73"
"3036","76","1434","28"
"3037","85","1434","19"
"3038","44","1434","21"
"3039","98","1434","59"
"3040","98","1437","108"
"3041","19","1437","78"
"3042","21","1437","74"
"3043","81","1440","54"
"3044","44","1440","5"
"3045","21","1441","12"
"3046","98","1442","29"
"3047","49","1449","27"
"3048","1","1449","29"
"3049","87","1449","23"
"3050","85","1449","4"
"3051","32","1449","31"
"3052","81","1449","16"
"3053","26","1449","29"
"3054","26","1450","74"
"3055","28","1450","11"
"3056","81","1450","8"
"3057","23","1450","10"
"3058","21","1450","12"
"3059","85","1450","21"
"3060","32","1450","15"
"3061","87","1450","27"
"3062","30","1452","8"
"3063","86","1455","33"
"3064","47","1455","15"
"3065","1","1455","25"
"3066","21","1455","14"
"3067","32","1455","6"
"3068","49","1458","77"
"3069","81","1458","108"
"3070","1","1458","21"
"3071","19","1458","8"
"3072","30","1458","18"
"3073","2","1458","35"
"3074","23","1458","21"
"3075","85","1459","22"
"3076","21","1459","32"
"3077","86","1459","52"
"3078","89","1459","22"
"3079","98","1459","22"
"3080","32","1459","9"
"3081","98","1461","15"
"3082","23","1461","8"
"3083","19","1463","28"
"3084","49","1463","6"
"3085","89","1463","18"
"3086","98","1465","109"
"3087","21","1465","14"
"3088","88","1465","16"
"3089","32","1465","52"
"3090","32","1466","38"
"3091","89","1466","72"
"3092","23","1466","12"
"3093","86","1466","14"
"3094","26","1467","18"
"3095","2","1467","9"
"3096","30","1468","5"
"3097","23","1469","8"
"3098","21","1469","36"
"3099","85","1469","11"
"3100","44","1469","36"
"3101","98","1469","4"
"3102","28","1472","78"
"3103","88","1472","13"
"3104","26","1472","18"
"3105","89","1472","26"
"3106","76","1472","106"
"3107","86","1472","12"
"3108","47","1478","25"
"3109","98","1478","9"
"3110","76","1478","107"
"3111","1","1478","3"
"3112","44","1478","21"
"3113","93","1479","2"
"3114","47","1479","23"
"3115","1","1479","25"
"3116","86","1479","19"
"3117","32","1479","78"
"3118","28","1479","21"
"3119","76","1479","18"
"3120","98","1481","12"
"3121","30","1481","33"
"3122","44","1481","19"
"3123","49","1481","15"
"3124","19","1481","58"
"3125","98","1482","2"
"3126","30","1482","33"
"3127","1","1482","57"
"3128","86","1483","74"
"3129","89","1485","19"
"3130","28","1485","14"
"3131","32","1485","12"
"3132","2","1485","77"
"3133","81","1485","38"
"3134","30","1487","6"
"3135","19","1487","16"
"3136","88","1487","4"
"3137","86","1488","31"
"3138","28","1488","14"
"3139","26","1488","79"
"3140","23","1488","54"
"3141","98","1490","53"
"3142","21","1490","25"
"3143","47","1490","26"
"3144","32","1490","55"
"3145","98","1491","17"
"3146","87","1491","16"
"3147","2","1491","2"
"3148","89","1491","5"
"3149","76","1493","3"
"3150","47","1493","15"
"3151","81","1493","104"
"3152","1","1493","8"
"3153","32","1493","29"
"3154","85","1493","13"
"3155","85","1494","25"
"3156","28","1494","74"
"3157","21","1494","35"
"3158","86","1494","29"
"3159","23","1494","54"
"3160","19","1494","16"
"3161","32","1495","37"
"3162","89","1495","109"
"3163","87","1497","78"
"3164","98","1497","35"
"3165","89","1497","4"
"3166","89","1498","18"
"3167","32","1498","28"
"3168","93","1498","36"
"3169","88","1498","21"
"3170","47","1498","31"
"3171","86","1498","29"
"3172","30","1498","9"
"3173","19","1498","36"
"3174","93","1500","59"
"3175","85","1500","26"
"3176","76","1500","18"
"3177","23","1500","13"
"3178","19","1500","24"
"3179","26","1500","19"
"3180","23","1502","13"
"3181","30","1502","106"
"3182","49","1502","36"
"3183","98","1502","14"
"3184","19","1502","37"
"3185","1","1502","23"
"3186","76","1502","35"
"3187","81","1503","76"
"3188","30","1503","57"
"3189","32","1503","55"
"3190","89","1503","11"
"3191","85","1506","22"
"3192","1","1506","53"
"3193","98","1506","3"
"3194","88","1509","12"
"3195","85","1509","102"
"3196","28","1509","26"
"3197","2","1510","2"
"3198","26","1510","39"
"3199","23","1510","6"
"3200","76","1510","55"
"3201","44","1510","76"
"3202","98","1510","72"
"3203","28","1510","29"
"3204","30","1510","27"
"3205","19","1511","17"
"3206","87","1511","2"
"3207","44","1511","12"
"3208","32","1511","54"
"3209","47","1515","71"
"3210","21","1517","18"
"3211","2","1517","5"
"3212","21","1518","17"
"3213","87","1518","3"
"3214","26","1518","32"
"3215","19","1518","38"
"3216","44","1520","53"
"3217","93","1520","28"
"3218","23","1520","10"
"3219","47","1520","21"
"3220","21","1520","14"
"3221","76","1520","13"
"3222","81","1521","9"
"3223","26","1521","52"
"3224","88","1521","108"
"3225","23","1521","78"
"3226","28","1521","3"
"3227","44","1522","8"
"3228","47","1522","33"
"3229","93","1523","24"
"3230","49","1523","104"
"3231","21","1523","4"
"3232","85","1523","27"
"3233","87","1524","54"
"3234","23","1524","52"
"3235","2","1524","22"
"3236","89","1525","32"
"3237","2","1525","18"
"3238","47","1525","27"
"3239","89","1526","55"
"3240","32","1526","10"
"3241","26","1526","52"
"3242","88","1526","54"
"3243","86","1526","33"
"3244","86","1527","9"
"3245","19","1527","5"
"3246","87","1527","18"
"3247","30","1527","12"
"3248","21","1527","53"
"3249","76","1527","75"
"3250","28","1527","19"
"3251","93","1527","31"
"3252","98","1528","4"
"3253","88","1528","12"
"3254","81","1528","2"
"3255","89","1528","12"
"3256","19","1528","19"
"3257","1","1528","10"
"3258","47","1528","9"
"3259","81","1530","3"
"3260","26","1530","8"
"3261","21","1530","3"
"3262","85","1530","9"
"3263","32","1530","15"
"3264","2","1532","23"
"3265","47","1532","28"
"3266","88","1532","52"
"3267","28","1532","109"
"3268","1","1534","3"
"3269","89","1534","6"
"3270","26","1534","5"
"3271","19","1534","18"
"3272","30","1542","73"
"3273","87","1542","8"
"3274","28","1542","18"
"3275","2","1542","56"
"3276","26","1542","10"
"3277","21","1542","28"
"3278","88","1542","7"
"3279","93","1544","21"
"3280","26","1544","18"
"3281","85","1544","104"
"3282","2","1544","15"
"3283","81","1544","16"
"3284","47","1545","39"
"3285","19","1545","15"
"3286","44","1545","75"
"3287","32","1545","25"
"3288","98","1545","39"
"3289","93","1545","75"
"3290","2","1545","29"
"3291","30","1545","29"
"3292","87","1545","5"
"3293","81","1549","8"
"3294","88","1549","13"
"3295","1","1549","5"
"3296","21","1549","53"
"3297","47","1549","6"
"3298","30","1549","32"
"3299","19","1550","17"
"3300","44","1550","7"
"3301","1","1550","28"
"3302","49","1550","27"
"3303","93","1550","14"
"3304","21","1550","52"
"3305","30","1550","74"
"3306","23","1550","9"
"3307","28","1551","2"
"3308","30","1551","11"
"3309","47","1551","9"
"3310","21","1552","21"
"3311","2","1552","3"
"3312","88","1552","6"
"3313","19","1552","9"
"3314","23","1552","21"
"3315","86","1552","26"
"3316","1","1553","21"
"3317","44","1559","7"
"3318","86","1559","76"
"3319","2","1559","18"
"3320","85","1559","8"
"3321","93","1559","18"
"3322","76","1561","59"
"3323","86","1561","17"
"3324","23","1561","3"
"3325","81","1561","35"
"3326","89","1561","102"
"3327","19","1565","51"
"3328","88","1565","16"
"3329","87","1565","7"
"3330","85","1565","4"
"3331","23","1565","13"
"3332","21","1567","3"
"3333","30","1567","2"
"3334","2","1567","7"
"3335","44","1567","12"
"3336","87","1567","31"
"3337","47","1567","9"
"3338","30","1568","18"
"3339","85","1568","13"
"3340","81","1568","6"
"3341","98","1568","8"
"3342","76","1568","75"
"3343","44","1568","27"
"3344","49","1569","17"
"3345","44","1569","29"
"3346","93","1569","36"
"3347","81","1569","103"
"3348","32","1572","3"
"3349","21","1572","14"
"3350","87","1572","77"
"3351","28","1572","53"
"3352","2","1573","74"
"3353","81","1574","15"
"3354","2","1574","14"
"3355","49","1574","10"
"3356","88","1574","4"
"3357","30","1574","75"
"3358","81","1576","109"
"3359","85","1576","18"
"3360","44","1576","24"
"3361","28","1576","13"
"3362","21","1576","2"
"3363","89","1576","8"
"3364","47","1576","27"
"3365","86","1576","79"
"3366","32","1578","17"
"3367","89","1578","38"
"3368","23","1578","29"
"3369","85","1578","14"
"3370","81","1578","72"
"3371","2","1579","6"
"3372","26","1579","11"
"3373","86","1579","17"
"3374","32","1581","8"
"3375","89","1584","4"
"3376","28","1584","6"
"3377","87","1584","32"
"3378","86","1584","24"
"3379","76","1584","27"
"3380","26","1584","5"
"3381","47","1584","12"
"3382","2","1585","25"
"3383","28","1585","24"
"3384","88","1585","12"
"3385","30","1585","36"
"3386","85","1585","18"
"3387","19","1585","36"
"3388","81","1588","11"
"3389","88","1588","76"
"3390","49","1589","29"
"3391","88","1589","24"
"3392","89","1589","36"
"3393","49","1591","11"
"3394","98","1591","19"
"3395","76","1591","4"
"3396","2","1591","2"
"3397","23","1591","108"
"3398","89","1595","6"
"3399","47","1595","7"
"3400","93","1595","4"
"3401","87","1595","19"
"3402","26","1595","28"
"3403","2","1595","37"
"3404","23","1595","6"
"3405","81","1595","24"
"3406","23","1597","24"
"3407","44","1597","8"
"3408","87","1597","2"
"3409","76","1597","24"
"3410","21","1597","7"
"3411","47","1597","15"
"3412","81","1597","2"
"3413","2","1597","71"
"3414","32","1597","5"
"3415","47","1599","26"
"3416","89","1599","7"
"3417","87","1599","8"
"3418","2","1599","24"
"3419","76","1600","17"
"3420","93","1600","28"
"3421","87","1600","73"
"3422","85","1600","36"
"3423","1","1600","7"
"3424","23","1603","9"
"3425","86","1605","22"
"3426","81","1605","16"
"3427","23","1606","52"
"3428","47","1606","56"
"3429","85","1606","29"
"3430","76","1606","7"
"3431","49","1606","39"
"3432","81","1607","12"
"3433","21","1607","12"
"3434","93","1607","23"
"3435","87","1607","101"
"3436","87","1608","6"
"3437","98","1608","13"
"3438","81","1608","7"
"3439","32","1608","10"
"3440","19","1608","21"
"3441","28","1608","22"
"3442","21","1608","24"
"3443","76","1608","8"
"3444","28","1610","5"
"3445","85","1610","8"
"3446","23","1610","23"
"3447","21","1611","23"
"3448","2","1611","19"
"3449","88","1611","101"
"3450","32","1611","9"
"3451","88","1613","10"
"3452","86","1613","13"
"3453","21","1613","14"
"3454","89","1613","104"
"3455","98","1613","6"
"3456","21","1616","9"
"3457","44","1616","14"
"3458","1","1616","28"
"3459","23","1616","21"
"3460","76","1616","57"
"3461","32","1623","59"
"3462","47","1623","39"
"3463","93","1623","54"
"3464","1","1623","107"
"3465","89","1624","22"
"3466","1","1624","72"
"3467","2","1624","13"
"3468","49","1624","15"
"3469","76","1624","13"
"3470","30","1624","14"
"3471","2","1631","33"
"3472","85","1631","51"
"3473","44","1631","22"
"3474","87","1631","3"
"3475","76","1631","6"
"3476","23","1631","18"
"3477","19","1634","75"
"3478","44","1634","56"
"3479","21","1634","4"
"3480","23","1634","2"
"3481","1","1634","34"
"3482","98","1636","79"
"3483","2","1636","102"
"3484","30","1636","16"
"3485","86","1636","11"
"3486","28","1636","55"
"3487","49","1636","32"
"3488","2","1638","51"
"3489","19","1638","52"
"3490","30","1638","29"
"3491","28","1638","2"
"3492","49","1638","14"
"3493","98","1638","58"
"3494","76","1638","16"
"3495","21","1638","11"
"3496","88","1638","5"
"3497","1","1639","4"
"3498","2","1639","107"
"3499","85","1639","8"
"3500","85","1642","6"
"3501","21","1642","2"
"3502","49","1642","25"
"3503","89","1642","18"
"3504","2","1643","57"
"3505","88","1643","109"
"3506","1","1645","3"
"3507","81","1647","35"
"3508","49","1647","10"
"3509","21","1647","17"
"3510","76","1647","23"
"3511","47","1647","76"
"3512","85","1648","26"
"3513","49","1648","103"
"3514","44","1648","7"
"3515","21","1648","3"
"3516","32","1648","5"
"3517","87","1648","15"
"3518","76","1648","105"
"3519","87","1649","10"
"3520","1","1649","72"
"3521","19","1650","58"
"3522","1","1650","36"
"3523","32","1652","4"
"3524","2","1652","12"
"3525","85","1652","38"
"3526","88","1652","9"
"3527","49","1653","52"
"3528","81","1653","2"
"3529","85","1653","24"
"3530","93","1653","9"
"3531","89","1653","11"
"3532","21","1654","109"
"3533","28","1654","33"
"3534","81","1654","107"
"3535","86","1654","11"
"3536","26","1654","106"
"3537","85","1654","7"
"3538","30","1654","11"
"3539","30","1656","15"
"3540","87","1656","72"
"3541","47","1656","102"
"3542","81","1656","33"
"3543","89","1657","6"
"3544","49","1657","31"
"3545","87","1657","3"
"3546","88","1657","25"
"3547","32","1657","106"
"3548","44","1658","7"
"3549","89","1658","55"
"3550","23","1658","3"
"3551","76","1658","56"
"3552","87","1658","27"
"3553","88","1658","8"
"3554","32","1658","26"
"3555","44","1659","15"
"3556","93","1659","11"
"3557","2","1661","9"
"3558","89","1661","9"
"3559","93","1661","8"
"3560","30","1661","33"
"3561","28","1661","78"
"3562","23","1663","13"
"3563","47","1663","12"
"3564","1","1664","5"
"3565","85","1664","2"
"3566","47","1664","2"
"3567","81","1669","78"
"3568","26","1671","28"
"3569","76","1671","72"
"3570","87","1671","12"
"3571","30","1671","75"
"3572","2","1671","6"
"3573","1","1671","7"
"3574","44","1676","15"
"3575","26","1676","28"
"3576","88","1676","57"
"3577","2","1676","27"
"3578","98","1676","10"
"3579","28","1678","25"
"3580","89","1678","15"
"3581","21","1678","15"
"3582","23","1678","4"
"3583","93","1678","32"
"3584","30","1678","54"
"3585","2","1678","19"
"3586","88","1679","21"
"3587","85","1679","27"
"3588","26","1681","14"
"3589","1","1681","32"
"3590","93","1681","9"
"3591","32","1681","36"
"3592","89","1681","51"
"3593","76","1681","17"
"3594","28","1681","34"
"3595","86","1681","5"
"3596","47","1682","52"
"3597","88","1682","29"
"3598","81","1682","102"
"3599","19","1682","14"
"3600","87","1682","17"
"3601","89","1682","102"
"3602","32","1682","104"
"3603","21","1686","15"
"3604","89","1686","2"
"3605","44","1686","21"
"3606","30","1686","10"
"3607","98","1686","107"
"3608","98","1688","14"
"3609","32","1688","29"
"3610","30","1688","15"
"3611","93","1688","58"
"3612","85","1689","29"
"3613","81","1689","103"
"3614","32","1689","19"
"3615","1","1689","39"
"3616","30","1690","53"
"3617","89","1690","18"
"3618","21","1690","21"
"3619","23","1690","107"
"3620","19","1690","4"
"3621","49","1692","10"
"3622","47","1692","12"
"3623","93","1695","16"
"3624","89","1695","18"
"3625","30","1695","4"
"3626","19","1695","21"
"3627","85","1697","24"
"3628","30","1697","9"
"3629","26","1697","37"
"3630","98","1697","16"
"3631","28","1697","7"
"3632","81","1697","5"
"3633","26","1700","108"
"3634","76","1702","13"
"3635","21","1702","33"
"3636","49","1702","14"
"3637","89","1702","76"
"3638","88","1702","16"
"3639","44","1702","19"
"3640","93","1702","6"
"3641","28","1702","7"
"3642","88","1703","27"
"3643","28","1703","10"
"3644","85","1703","17"
"3645","87","1703","11"
"3646","26","1703","57"
"3647","32","1703","104"
"3648","86","1703","10"
"3649","19","1703","15"
"3650","93","1703","37"
"3651","32","1704","4"
"3652","47","1704","55"
"3653","89","1705","106"
"3654","47","1705","2"
"3655","86","1705","5"
"3656","30","1707","31"
"3657","85","1707","31"
"3658","86","1707","58"
"3659","23","1707","10"
"3660","81","1707","3"
"3661","1","1707","6"
"3662","26","1707","16"
"3663","98","1707","56"
"3664","21","1709","25"
"3665","2","1711","109"
"3666","21","1711","33"
"3667","87","1711","51"
"3668","23","1711","15"
"3669","81","1711","15"
"3670","85","1711","10"
"3671","26","1711","23"
"3672","30","1711","27"
"3673","81","1712","52"
"3674","93","1712","5"
"3675","1","1712","5"
"3676","26","1712","71"
"3677","86","1713","21"
"3678","44","1713","74"
"3679","47","1713","25"
"3680","49","1713","3"
"3681","28","1713","15"
"3682","76","1713","3"
"3683","19","1713","28"
"3684","1","1716","39"
"3685","47","1716","15"
"3686","23","1716","108"
"3687","93","1716","15"
"3688","2","1716","2"
"3689","49","1716","22"
"3690","86","1716","15"
"3691","87","1718","75"
"3692","89","1718","23"
"3693","32","1718","57"
"3694","23","1718","24"
"3695","98","1719","4"
"3696","30","1719","11"
"3697","87","1719","77"
"3698","89","1719","13"
"3699","49","1720","4"
"3700","76","1720","23"
"3701","32","1722","74"
"3702","26","1722","10"
"3703","21","1722","51"
"3704","89","1722","54"
"3705","87","1723","75"
"3706","86","1723","72"
"3707","85","1723","31"
"3708","23","1723","10"
"3709","89","1723","5"
"3710","30","1725","106"
"3711","93","1725","33"
"3712","93","1727","5"
"3713","32","1727","24"
"3714","1","1727","75"
"3715","87","1727","76"
"3716","21","1727","3"
"3717","87","1728","9"
"3718","49","1728","74"
"3719","93","1737","37"
"3720","30","1737","55"
"3721","85","1737","23"
"3722","2","1737","3"
"3723","88","1737","103"
"3724","86","1737","10"
"3725","49","1737","54"
"3726","47","1737","108"
"3727","1","1738","25"
"3728","87","1738","6"
"3729","23","1738","12"
"3730","93","1738","23"
"3731","89","1738","32"
"3732","23","1740","58"
"3733","76","1740","33"
"3734","86","1740","17"
"3735","87","1740","27"
"3736","44","1742","24"
"3737","88","1742","28"
"3738","47","1743","74"
"3739","2","1743","24"
"3740","32","1743","10"
"3741","87","1745","55"
"3742","19","1745","5"
"3743","23","1751","6"
"3744","26","1751","75"
"3745","21","1751","5"
"3746","32","1751","24"
"3747","19","1751","3"
"3748","86","1751","5"
"3749","30","1751","56"
"3750","47","1755","2"
"3751","44","1755","6"
"3752","32","1755","6"
"3753","98","1755","5"
"3754","1","1755","6"
"3755","26","1755","57"
"3756","88","1755","27"
"3757","28","1755","11"
"3758","23","1755","15"
"3759","26","1757","7"
"3760","81","1757","27"
"3761","76","1760","9"
"3762","47","1760","25"
"3763","85","1760","58"
"3764","98","1760","2"
"3765","28","1760","15"
"3766","2","1760","78"
"3767","81","1761","17"
"3768","93","1761","58"
"3769","23","1761","10"
"3770","32","1761","109"
"3771","47","1761","8"
"3772","19","1768","19"
"3773","76","1768","51"
"3774","86","1769","16"
"3775","32","1769","15"
"3776","19","1769","77"
"3777","85","1769","5"
"3778","26","1770","17"
"3779","85","1771","26"
"3780","23","1771","78"
"3781","32","1771","25"
"3782","30","1775","23"
"3783","21","1775","19"
"3784","93","1775","12"
"3785","19","1775","23"
"3786","2","1775","57"
"3787","21","1779","18"
"3788","81","1781","73"
"3789","30","1781","11"
"3790","1","1785","29"
"3791","76","1786","19"
"3792","88","1786","4"
"3793","28","1786","7"
"3794","86","1786","15"
"3795","30","1786","12"
"3796","87","1789","8"
"3797","2","1789","105"
"3798","28","1789","18"
"3799","93","1789","11"
"3800","86","1792","59"
"3801","89","1792","19"
"3802","23","1792","109"
"3803","87","1796","9"
"3804","88","1796","7"
"3805","49","1796","14"
"3806","2","1796","5"
"3807","32","1796","102"
"3808","87","1799","4"
"3809","89","1800","14"
"3810","44","1800","22"
"3811","1","1800","7"
"3812","23","1800","26"
"3813","49","1800","10"
"3814","81","1802","56"
"3815","32","1802","29"
"3816","44","1802","10"
"3817","23","1802","74"
"3818","1","1802","18"
"3819","98","1802","9"
"3820","86","1805","51"
"3821","89","1805","102"
"3822","85","1805","16"
"3823","86","1808","55"
"3824","26","1809","9"
"3825","1","1809","17"
"3826","19","1810","12"
"3827","1","1810","102"
"3828","87","1810","77"
"3829","88","1810","4"
"3830","86","1811","24"
"3831","93","1811","4"
"3832","98","1811","28"
"3833","28","1811","39"
"3834","44","1813","22"
"3835","93","1813","57"
"3836","47","1813","78"
"3837","2","1814","10"
"3838","98","1814","108"
"3839","93","1814","9"
"3840","87","1814","32"
"3841","28","1814","12"
"3842","49","1815","15"
"3843","88","1815","27"
"3844","86","1815","23"
"3845","87","1815","14"
"3846","28","1815","37"
"3847","1","1815","103"
"3848","21","1818","29"
"3849","32","1818","22"
"3850","98","1818","13"
"3851","86","1818","21"
"3852","87","1818","6"
"3853","81","1818","38"
"3854","19","1818","24"
"3855","28","1818","19"
"3856","19","1820","16"
"3857","88","1820","4"
"3858","76","1820","17"
"3859","23","1820","7"
"3860","47","1820","4"
"3861","93","1820","38"
"3862","30","1823","21"
"3863","26","1825","3"
"3864","87","1825","52"
"3865","28","1825","8"
"3866","1","1825","10"
"3867","19","1825","102"
"3868","21","1825","72"
"3869","32","1826","25"
"3870","47","1826","5"
"3871","88","1826","9"
"3872","21","1827","26"
"3873","87","1827","13"
"3874","98","1827","36"
"3875","32","1827","6"
"3876","88","1827","16"
"3877","44","1827","71"
"3878","88","1833","9"
"3879","47","1833","109"
"3880","44","1833","22"
"3881","87","1833","13"
"3882","76","1833","22"
"3883","23","1833","17"
"3884","98","1833","13"
"3885","44","1834","8"
"3886","32","1834","4"
"3887","47","1834","3"
"3888","49","1834","4"
"3889","30","1834","6"
"3890","85","1834","13"
"3891","85","1835","57"
"3892","21","1835","17"
"3893","76","1836","7"
"3894","26","1836","103"
"3895","1","1836","107"
"3896","85","1836","19"
"3897","93","1836","25"
"3898","88","1836","71"
"3899","49","1836","29"
"3900","28","1837","6"
"3901","81","1838","108"
"3902","32","1838","14"
"3903","85","1847","105"
"3904","47","1847","52"
"3905","88","1848","101"
"3906","30","1848","17"
"3907","19","1848","11"
"3908","44","1848","11"
"3909","2","1848","37"
"3910","30","1849","102"
"3911","21","1849","10"
"3912","89","1849","77"
"3913","49","1849","11"
"3914","81","1853","37"
"3915","21","1853","103"
"3916","76","1853","23"
"3917","49","1855","26"
"3918","30","1855","4"
"3919","85","1855","105"
"3920","86","1855","74"
"3921","89","1857","8"
"3922","81","1857","14"
"3923","86","1857","23"
"3924","30","1859","13"
"3925","76","1859","9"
"3926","49","1859","29"
"3927","88","1860","19"
"3928","32","1863","8"
"3929","98","1864","14"
"3930","85","1864","104"
"3931","2","1864","6"
"3932","49","1864","15"
"3933","87","1865","10"
"3934","85","1865","21"
"3935","30","1865","8"
"3936","44","1865","2"
"3937","93","1869","32"
"3938","21","1869","103"
"3939","76","1869","28"
"3940","86","1869","23"
"3941","30","1869","109"
"3942","19","1869","51"
"3943","28","1869","7"
"3944","1","1869","105"
"3945","76","1870","75"
"3946","86","1870","37"
"3947","47","1871","105"
"3948","76","1871","10"
"3949","21","1871","25"
"3950","98","1871","29"
"3951","81","1871","3"
"3952","76","1872","73"
"3953","23","1874","7"
"3954","2","1874","14"
"3955","86","1874","7"
"3956","21","1874","71"
"3957","30","1875","35"
"3958","49","1875","29"
"3959","87","1875","34"
"3960","86","1876","109"
"3961","44","1876","2"
"3962","26","1878","37"
"3963","93","1878","8"
"3964","19","1878","18"
"3965","88","1878","8"
"3966","81","1881","7"
"3967","86","1881","51"
"3968","89","1881","79"
"3969","21","1881","26"
"3970","49","1881","4"
"3971","47","1881","16"
"3972","86","1882","29"
"3973","30","1882","27"
"3974","19","1882","4"
"3975","47","1882","13"
"3976","1","1882","102"
"3977","81","1882","78"
"3978","21","1882","11"
"3979","76","1882","71"
"3980","93","1886","9"
"3981","26","1886","78"
"3982","47","1886","14"
"3983","88","1886","74"
"3984","89","1886","2"
"3985","1","1894","28"
"3986","23","1898","9"
"3987","21","1898","72"
"3988","88","1898","32"
"3989","30","1898","14"
"3990","1","1900","4"
"3991","44","1900","55"
"3992","2","1900","2"
"3993","32","1901","9"
"3994","87","1901","4"
"3995","28","1901","11"
"3996","93","1902","39"
"3997","49","1902","103"
"3998","47","1902","57"
"3999","89","1902","31"
"4000","21","1902","17"
"4001","93","1903","59"
"4002","44","1906","74"
"4003","1","1906","17"
"4004","23","1908","59"
"4005","28","1908","57"
"4006","19","1908","106"
"4007","76","1908","19"
"4008","30","1908","106"
"4009","44","1908","18"
"4010","89","1909","19"
"4011","85","1909","58"
"4012","87","1909","16"
"4013","93","1909","25"
"4014","2","1909","59"
"4015","1","1909","25"
"4016","81","1909","17"
"4017","88","1913","21"
"4018","30","1913","36"
"4019","23","1913","13"
"4020","19","1915","10"
"4021","1","1918","26"
"4022","49","1918","54"
"4023","81","1918","75"
"4024","76","1921","31"
"4025","81","1921","17"
"4026","47","1921","9"
"4027","98","1926","12"
"4028","87","1926","28"
"4029","28","1926","10"
"4030","88","1926","106"
"4031","88","1927","22"
"4032","28","1929","4"
"4033","98","1929","54"
"4034","44","1929","19"
"4035","76","1929","21"
"4036","19","1929","28"
"4037","88","1929","5"
"4038","89","1929","12"
"4039","30","1935","11"
"4040","89","1935","54"
"4041","1","1935","56"
"4042","1","1937","17"
"4043","98","1937","17"
"4044","49","1937","76"
"4045","76","1937","77"
"4046","30","1940","34"
"4047","49","1940","11"
"4048","89","1940","8"
"4049","26","1940","7"
"4050","19","1940","33"
"4051","47","1942","51"
"4052","86","1942","19"
"4053","30","1942","36"
"4054","23","1942","10"
"4055","26","1942","33"
"4056","76","1944","29"
"4057","32","1944","15"
"4058","2","1944","16"
"4059","88","1944","15"
"4060","87","1945","21"
"4061","23","1945","2"
"4062","88","1947","25"
"4063","28","1947","6"
"4064","49","1947","27"
"4065","76","1947","101"
"4066","98","1950","75"
"4067","81","1950","16"
"4068","1","1950","59"
"4069","30","1950","12"
"4070","19","1950","14"
"4071","44","1952","38"
"4072","85","1952","71"
"4073","81","1952","2"
"4074","93","1956","13"
"4075","32","1956","15"
"4076","89","1956","10"
"4077","47","1956","12"
"4078","21","1956","17"
"4079","86","1956","2"
"4080","86","1958","29"
"4081","81","1962","24"
"4082","21","1962","2"
"4083","49","1962","16"
"4084","86","1962","51"
"4085","47","1962","10"
"4086","98","1963","77"
"4087","89","1963","7"
"4088","93","1963","5"
"4089","1","1963","104"
"4090","28","1963","79"
"4091","47","1963","5"
"4092","23","1963","10"
"4093","98","1965","107"
"4094","32","1965","10"
"4095","44","1967","10"
"4096","81","1967","103"
"4097","86","1967","4"
"4098","88","1967","12"
"4099","21","1967","39"
"4100","30","1967","33"
"4101","89","1971","4"
"4102","28","1971","17"
"4103","26","1971","53"
"4104","2","1971","34"
"4105","32","1972","56"
"4106","76","1972","6"
"4107","2","1972","19"
"4108","23","1972","74"
"4109","30","1972","35"
"4110","87","1972","9"
"4111","28","1974","3"
"4112","19","1974","53"
"4113","49","1974","6"
"4114","93","1974","26"
"4115","47","1974","9"
"4116","44","1974","29"
"4117","93","1979","57"
"4118","88","1979","75"
"4119","98","1979","4"
"4120","76","1979","25"
"4121","26","1979","15"
"4122","44","1979","21"
"4123","32","1979","19"
"4124","81","1979","51"
"4125","28","1980","3"
"4126","30","1980","21"
"4127","85","1980","23"
"4128","21","1983","8"
"4129","87","1983","53"
"4130","28","1983","14"
"4131","49","1983","23"
"4132","28","1985","35"
"4133","23","1985","105"
"4134","30","1985","34"
"4135","87","1985","13"
"4136","81","1985","32"
"4137","1","1985","12"
"4138","88","1986","16"
"4139","2","1986","25"
"4140","76","1989","13"
"4141","2","1989","54"
"4142","26","1989","10"
"4143","86","1989","22"
"4144","19","1989","3"
"4145","28","1989","16"
"4146","81","1989","14"
"4147","87","1989","22"
"4148","1","1991","13"
"4149","89","1991","35"
"4150","49","1991","3"
"4151","88","1991","79"
"4152","32","1992","39"
"4153","30","1992","2"
"4154","47","1992","15"
"4155","89","1992","5"
"4156","21","1994","6"
"4157","81","1994","108"
"4158","76","1994","5"
"4159","32","1994","17"
"4160","85","1995","3"
"4161","88","1995","16"
"4162","28","1996","109"
"4163","76","1996","8"
"4164","28","1997","105"
"4165","89","1997","6"
"4166","44","1997","16"
"4167","19","1999","12"
"4168","98","1999","27"
"4169","30","1999","2"
"4170","44","1999","75"
"4171","26","1999","105"
"4172","49","1999","12"